[
{
  "model": "auth.user",
  "pk": 1,
  "fields": {
    "password": "pbkdf2_sha256$180000$qITbmcwZEKIp$n/MA4uGJ5Hg4h0ugPSF/w72d/WlJrwMdGTe1/dkUSm0=",
    "last_login": "2020-05-19T07:03:40.227Z",
    "is_superuser": true,
    "username": "admin",
    "first_name": "",
    "last_name": "",
    "email": "",
    "is_staff": true,
    "is_active": true,
    "date_joined": "2020-05-19T02:32:46.992Z",
    "groups": [],
    "user_permissions": []
  }
},
{
  "model": "sessions.session",
  "pk": "0nnznmbij3s8scj130nv999wzygwguit",
  "fields": {
    "session_data": "ZjFmNmJjZWI0NDA3Y2MzZGYzOWVkNjExOGQwYzVjOGMxNWNhOGQyODp7Il9hdXRoX3VzZXJfaWQiOiIxIiwiX2F1dGhfdXNlcl9iYWNrZW5kIjoiZGphbmdvLmNvbnRyaWIuYXV0aC5iYWNrZW5kcy5Nb2RlbEJhY2tlbmQiLCJfYXV0aF91c2VyX2hhc2giOiI4ZGRmNWE1ZjYyNjAzMTVkN2IyMzA5MmZhZTc0OWE1NTZiYjgwNWMxIn0=",
    "expire_date": "2020-06-02T07:03:40.235Z"
  }
},
{
  "model": "sessions.session",
  "pk": "22mtlnvb4kre19imzbm2w21xdjxnur4r",
  "fields": {
    "session_data": "ZjFmNmJjZWI0NDA3Y2MzZGYzOWVkNjExOGQwYzVjOGMxNWNhOGQyODp7Il9hdXRoX3VzZXJfaWQiOiIxIiwiX2F1dGhfdXNlcl9iYWNrZW5kIjoiZGphbmdvLmNvbnRyaWIuYXV0aC5iYWNrZW5kcy5Nb2RlbEJhY2tlbmQiLCJfYXV0aF91c2VyX2hhc2giOiI4ZGRmNWE1ZjYyNjAzMTVkN2IyMzA5MmZhZTc0OWE1NTZiYjgwNWMxIn0=",
    "expire_date": "2020-06-02T03:55:42.762Z"
  }
},
{
  "model": "common.inventreesetting",
  "pk": 1,
  "fields": {
    "key": "part_ipn_regex",
    "value": ""
  }
},
{
  "model": "common.inventreesetting",
  "pk": 2,
  "fields": {
    "key": "part_deep_copy",
    "value": "True"
  }
},
{
  "model": "common.inventreesetting",
  "pk": 3,
  "fields": {
    "key": "InstanceName",
    "value": "9c65b5fd90f14e9bb8b108dac5cc2055"
  }
},
{
  "model": "part.partcategory",
  "pk": 1,
  "fields": {
    "name": "Electronics",
    "description": "Electronic Components",
    "parent": null,
    "default_location": null,
    "default_keywords": "",
    "lft": 1,
    "rght": 10,
    "tree_id": 1,
    "level": 0
  }
},
{
  "model": "part.partcategory",
  "pk": 2,
  "fields": {
    "name": "Mechanical",
    "description": "Mechanical Components",
    "parent": null,
    "default_location": null,
    "default_keywords": "",
    "lft": 1,
    "rght": 4,
    "tree_id": 2,
    "level": 0
  }
},
{
  "model": "part.partcategory",
  "pk": 3,
  "fields": {
    "name": "Fasteners",
    "description": "Screws, nails, etc",
    "parent": 2,
    "default_location": null,
    "default_keywords": "",
    "lft": 2,
    "rght": 3,
    "tree_id": 2,
    "level": 1
  }
},
{
  "model": "part.partcategory",
  "pk": 4,
  "fields": {
    "name": "Passives",
    "description": "Resistors / capacitors / etc",
    "parent": 1,
    "default_location": null,
    "default_keywords": "",
    "lft": 2,
    "rght": 9,
    "tree_id": 1,
    "level": 1
  }
},
{
  "model": "part.partcategory",
  "pk": 5,
  "fields": {
    "name": "Resistors",
    "description": "Resistors",
    "parent": 4,
    "default_location": null,
    "default_keywords": "",
    "lft": 7,
    "rght": 8,
    "tree_id": 1,
    "level": 2
  }
},
{
  "model": "part.partcategory",
  "pk": 6,
  "fields": {
    "name": "Capacitors",
    "description": "Capacitors",
    "parent": 4,
    "default_location": null,
    "default_keywords": "",
    "lft": 3,
    "rght": 4,
    "tree_id": 1,
    "level": 2
  }
},
{
  "model": "part.partcategory",
  "pk": 7,
  "fields": {
    "name": "Inductors",
    "description": "Inductors",
    "parent": 4,
    "default_location": null,
    "default_keywords": "",
    "lft": 5,
    "rght": 6,
    "tree_id": 1,
    "level": 2
  }
},
{
  "model": "part.partcategory",
  "pk": 9,
  "fields": {
    "name": "Widgets",
    "description": "Widgets which get assembled from other parts",
    "parent": null,
    "default_location": null,
    "default_keywords": "",
    "lft": 1,
    "rght": 2,
    "tree_id": 3,
    "level": 0
  }
},
{
  "model": "part.part",
  "pk": 1,
  "fields": {
    "name": "C_10uF_0805",
    "is_template": false,
    "variant_of": null,
    "description": "10uF microfarad capacitor in 0805 footprint",
    "keywords": "",
    "category": 6,
    "IPN": "",
    "revision": "",
    "link": "",
    "image": "",
    "default_location": null,
    "default_supplier": null,
    "minimum_stock": 0,
    "units": "",
    "assembly": false,
    "component": true,
    "trackable": false,
    "purchaseable": true,
    "salable": false,
    "active": true,
    "virtual": false,
    "notes": "",
    "bom_checksum": "",
    "bom_checked_by": null,
    "bom_checked_date": null,
    "creation_date": "2020-05-19",
    "creation_user": 1,
    "responsible": null,
    "lft": 1,
    "rght": 2,
    "tree_id": 1,
    "level": 0
  }
},
{
  "model": "part.part",
  "pk": 2,
  "fields": {
    "name": "C_10uF_0603",
    "is_template": false,
    "variant_of": null,
    "description": "10uF microfarad capacitor in 0603 footprint",
    "keywords": "",
    "category": 6,
    "IPN": "",
    "revision": "",
    "link": "",
    "image": "",
    "default_location": null,
    "default_supplier": null,
    "minimum_stock": 0,
    "units": "",
    "assembly": false,
    "component": true,
    "trackable": false,
    "purchaseable": true,
    "salable": false,
    "active": true,
    "virtual": false,
    "notes": "",
    "bom_checksum": "",
    "bom_checked_by": null,
    "bom_checked_date": null,
    "creation_date": "2020-05-19",
    "creation_user": 1,
    "responsible": null,
    "lft": 1,
    "rght": 2,
    "tree_id": 2,
    "level": 0
  }
},
{
  "model": "part.part",
  "pk": 3,
  "fields": {
    "name": "C_10uF_1210",
    "is_template": false,
    "variant_of": null,
    "description": "10uF microfarad capacitor in 1210 footprint",
    "keywords": "",
    "category": 6,
    "IPN": "",
    "revision": "",
    "link": "",
    "image": "",
    "default_location": null,
    "default_supplier": null,
    "minimum_stock": 0,
    "units": "",
    "assembly": false,
    "component": true,
    "trackable": false,
    "purchaseable": true,
    "salable": false,
    "active": true,
    "virtual": false,
    "notes": "",
    "bom_checksum": "",
    "bom_checked_by": null,
    "bom_checked_date": null,
    "creation_date": "2020-05-19",
    "creation_user": 1,
    "responsible": null,
    "lft": 1,
    "rght": 2,
    "tree_id": 3,
    "level": 0
  }
},
{
  "model": "part.part",
  "pk": 4,
  "fields": {
    "name": "C_4.7uF_0603",
    "is_template": false,
    "variant_of": null,
    "description": "4.7 microfarad capacitor in 0603 footprint",
    "keywords": "",
    "category": 6,
    "IPN": "",
    "revision": "",
    "link": "",
    "image": "",
    "default_location": null,
    "default_supplier": null,
    "minimum_stock": 0,
    "units": "",
    "assembly": false,
    "component": true,
    "trackable": false,
    "purchaseable": true,
    "salable": false,
    "active": true,
    "virtual": false,
    "notes": "",
    "bom_checksum": "",
    "bom_checked_by": null,
    "bom_checked_date": null,
    "creation_date": "2020-05-19",
    "creation_user": 1,
    "responsible": null,
    "lft": 1,
    "rght": 2,
    "tree_id": 4,
    "level": 0
  }
},
{
  "model": "part.part",
  "pk": 5,
  "fields": {
    "name": "R_1K_0805",
    "is_template": false,
    "variant_of": null,
    "description": "1k ohm resistor in 0805 package",
    "keywords": "",
    "category": 5,
    "IPN": "",
    "revision": "",
    "link": "",
    "image": "",
    "default_location": null,
    "default_supplier": null,
    "minimum_stock": 0,
    "units": "",
    "assembly": false,
    "component": true,
    "trackable": false,
    "purchaseable": true,
    "salable": false,
    "active": true,
    "virtual": false,
    "notes": "",
    "bom_checksum": "",
    "bom_checked_by": null,
    "bom_checked_date": null,
    "creation_date": "2020-05-19",
    "creation_user": 1,
    "responsible": null,
    "lft": 1,
    "rght": 2,
    "tree_id": 5,
    "level": 0
  }
},
{
  "model": "part.part",
  "pk": 6,
  "fields": {
    "name": "R_1K_0603",
    "is_template": false,
    "variant_of": null,
    "description": "1k ohm resistor in 0603 package",
    "keywords": "",
    "category": 5,
    "IPN": "",
    "revision": "",
    "link": "",
    "image": "",
    "default_location": null,
    "default_supplier": null,
    "minimum_stock": 0,
    "units": "",
    "assembly": false,
    "component": true,
    "trackable": false,
    "purchaseable": true,
    "salable": false,
    "active": true,
    "virtual": false,
    "notes": "",
    "bom_checksum": "",
    "bom_checked_by": null,
    "bom_checked_date": null,
    "creation_date": "2020-05-19",
    "creation_user": 1,
    "responsible": null,
    "lft": 1,
    "rght": 2,
    "tree_id": 6,
    "level": 0
  }
},
{
  "model": "part.part",
  "pk": 7,
  "fields": {
    "name": "R_1K_0402",
    "is_template": false,
    "variant_of": null,
    "description": "1k ohm resistor in 0402 package",
    "keywords": "",
    "category": 5,
    "IPN": "",
    "revision": "",
    "link": "",
    "image": "",
    "default_location": null,
    "default_supplier": null,
    "minimum_stock": 0,
    "units": "",
    "assembly": false,
    "component": true,
    "trackable": false,
    "purchaseable": true,
    "salable": false,
    "active": true,
    "virtual": false,
    "notes": "",
    "bom_checksum": "",
    "bom_checked_by": null,
    "bom_checked_date": null,
    "creation_date": "2020-05-19",
    "creation_user": 1,
    "responsible": null,
    "lft": 1,
    "rght": 2,
    "tree_id": 7,
    "level": 0
  }
},
{
  "model": "part.part",
  "pk": 8,
  "fields": {
    "name": "Widget",
    "is_template": false,
    "variant_of": null,
    "description": "A widget",
    "keywords": "",
    "category": 9,
    "IPN": "W001",
    "revision": "",
    "link": "",
    "image": "",
    "default_location": null,
    "default_supplier": null,
    "minimum_stock": 0,
    "units": "",
    "assembly": true,
    "component": true,
    "trackable": true,
    "purchaseable": true,
    "salable": false,
    "active": true,
    "virtual": false,
    "notes": "",
    "bom_checksum": "b'\\x8a\\xb3/\\x1d\\xfdd\\xc1\\xdd\\xcf\\x8d\\xa4\\x08>\\xdc\\xf2w'",
    "bom_checked_by": 1,
    "bom_checked_date": "2020-05-19",
    "creation_date": "2020-05-19",
    "creation_user": 1,
    "responsible": null,
    "lft": 1,
    "rght": 2,
    "tree_id": 8,
    "level": 0
  }
},
{
  "model": "part.parttesttemplate",
  "pk": 1,
  "fields": {
    "part": 8,
    "test_name": "Firmware",
    "description": "Record firmware checksum and attach firmware file",
    "required": true,
    "requires_value": true,
    "requires_attachment": true
  }
},
{
  "model": "part.parttesttemplate",
  "pk": 2,
  "fields": {
    "part": 8,
    "test_name": "Weight",
    "description": "Record weight",
    "required": true,
    "requires_value": true,
    "requires_attachment": false
  }
},
{
  "model": "part.parttesttemplate",
  "pk": 3,
  "fields": {
    "part": 8,
    "test_name": "Paint",
    "description": "Make sure you paint it",
    "required": true,
    "requires_value": false,
    "requires_attachment": false
  }
},
{
  "model": "part.bomitem",
  "pk": 1,
  "fields": {
    "part": 8,
    "sub_part": 1,
    "quantity": "5.00000",
    "overage": "",
    "reference": "C1 C2 C3 C4 C5",
    "note": "Using some caps",
    "checksum": "b'\\xaeH\\x8b\\x90\\x85-\\x1e\\xce\\xa0\\xdc\\xbcP;\\x1fo\\x9d'"
  }
},
{
  "model": "part.bomitem",
  "pk": 2,
  "fields": {
    "part": 8,
    "sub_part": 5,
    "quantity": "1.00000",
    "overage": "",
    "reference": "R1",
    "note": "",
    "checksum": "b'\\xe1\\x9d\\xf7\\xcf\\xdb\\x98\\xac\\xf8\\xa6\\x9eZP*\\x9a\\x99\\x8f'"
  }
},
{
  "model": "part.bomitem",
  "pk": 3,
  "fields": {
    "part": 8,
    "sub_part": 6,
    "quantity": "1.00000",
    "overage": "",
    "reference": "R2",
    "note": "",
    "checksum": "b'\\xb7\\xees\\x1fj\\x9f\\xe3\\xab\\x81HKU\\xe1\\xff=\\xe1'"
  }
},
{
  "model": "part.bomitem",
  "pk": 4,
  "fields": {
    "part": 8,
    "sub_part": 7,
    "quantity": "1.00000",
    "overage": "",
    "reference": "R3",
    "note": "",
    "checksum": "b'@\\xc0\\xcf\\xdc\\xbez\\x16\\xd4\\xa7\\xe4\\xb1\\x1bBF\\xee\\xc3'"
  }
},
{
  "model": "stock.stocklocation",
  "pk": 1,
  "fields": {
    "name": "Warehouse",
    "description": "Storage warehouse",
    "parent": null,
    "lft": 1,
    "rght": 4,
    "tree_id": 3,
    "level": 0
  }
},
{
  "model": "stock.stocklocation",
  "pk": 2,
  "fields": {
    "name": "Offices",
    "description": "Office Space",
    "parent": null,
    "lft": 1,
    "rght": 2,
    "tree_id": 2,
    "level": 0
  }
},
{
  "model": "stock.stocklocation",
  "pk": 3,
  "fields": {
    "name": "Factory",
    "description": "Factory floor",
    "parent": null,
    "lft": 1,
    "rght": 2,
    "tree_id": 1,
    "level": 0
  }
},
{
  "model": "stock.stocklocation",
  "pk": 4,
  "fields": {
    "name": "Electronic Component Storage",
    "description": "Storage for electronic components",
    "parent": 1,
    "lft": 2,
    "rght": 3,
    "tree_id": 3,
    "level": 1
  }
},
{
  "model": "stock.stockitem",
  "pk": 1,
  "fields": {
    "uid": "",
    "parent": null,
    "part": 1,
    "supplier_part": null,
    "location": 4,
    "belongs_to": null,
    "serial": null,
    "link": "",
    "batch": null,
    "quantity": "15000.00000",
    "updated": "2020-05-19",
    "build": null,
    "purchase_order": null,
    "sales_order": null,
    "is_building": false,
    "stocktake_date": null,
    "stocktake_user": null,
    "review_needed": false,
    "delete_on_deplete": true,
    "status": 10,
    "notes": null,
    "infinite": false,
    "lft": 1,
    "rght": 2,
    "tree_id": 1,
    "level": 0
  }
},
{
  "model": "stock.stockitem",
  "pk": 2,
  "fields": {
    "uid": "",
    "parent": null,
    "part": 1,
    "supplier_part": null,
    "location": 4,
    "belongs_to": null,
    "serial": null,
    "link": "",
    "batch": null,
    "quantity": "1000.00000",
    "updated": "2020-05-19",
    "build": null,
    "purchase_order": null,
    "sales_order": null,
    "is_building": false,
    "stocktake_date": null,
    "stocktake_user": null,
    "review_needed": false,
    "delete_on_deplete": true,
    "status": 10,
    "notes": null,
    "infinite": false,
    "lft": 1,
    "rght": 2,
    "tree_id": 2,
    "level": 0
  }
},
{
  "model": "stock.stockitem",
  "pk": 3,
  "fields": {
    "uid": "",
    "parent": null,
    "part": 5,
    "supplier_part": null,
    "location": 4,
    "belongs_to": null,
    "serial": null,
    "link": "",
    "batch": null,
    "quantity": "15000.00000",
    "updated": "2020-05-19",
    "build": null,
    "purchase_order": null,
    "sales_order": null,
    "is_building": false,
    "stocktake_date": null,
    "stocktake_user": null,
    "review_needed": false,
    "delete_on_deplete": true,
    "status": 10,
    "notes": null,
    "infinite": false,
    "lft": 1,
    "rght": 2,
    "tree_id": 3,
    "level": 0
  }
},
{
  "model": "stock.stockitem",
  "pk": 4,
  "fields": {
    "uid": "",
    "parent": null,
    "part": 8,
    "supplier_part": null,
    "location": 1,
    "belongs_to": null,
    "serial": 10,
    "link": "",
    "batch": null,
    "quantity": "1.00000",
    "updated": "2020-05-19",
    "build": null,
    "purchase_order": null,
    "sales_order": null,
    "is_building": false,
    "stocktake_date": null,
    "stocktake_user": null,
    "review_needed": false,
    "delete_on_deplete": false,
    "status": 55,
    "notes": null,
    "infinite": false,
    "lft": 1,
    "rght": 2,
    "tree_id": 4,
    "level": 0
  }
},
{
  "model": "stock.stockitem",
  "pk": 5,
  "fields": {
    "uid": "",
    "parent": null,
    "part": 8,
    "supplier_part": null,
    "location": 2,
    "belongs_to": null,
    "serial": 100,
    "link": "",
    "batch": null,
    "quantity": "1.00000",
    "updated": "2020-05-19",
    "build": null,
    "purchase_order": null,
    "sales_order": null,
    "is_building": false,
    "stocktake_date": null,
    "stocktake_user": null,
    "review_needed": false,
    "delete_on_deplete": false,
    "status": 10,
    "notes": null,
    "infinite": false,
    "lft": 1,
    "rght": 2,
    "tree_id": 5,
    "level": 0
  }
},
{
  "model": "stock.stockitem",
  "pk": 6,
  "fields": {
    "uid": "",
    "parent": null,
    "part": 8,
    "supplier_part": null,
    "location": 2,
    "belongs_to": null,
    "serial": 101,
    "link": "",
    "batch": null,
    "quantity": "1.00000",
    "updated": "2020-05-19",
    "build": null,
    "purchase_order": null,
    "sales_order": null,
    "is_building": false,
    "stocktake_date": null,
    "stocktake_user": null,
    "review_needed": false,
    "delete_on_deplete": false,
    "status": 10,
    "notes": null,
    "infinite": false,
    "lft": 1,
    "rght": 2,
    "tree_id": 6,
    "level": 0
  }
},
{
  "model": "stock.stockitem",
  "pk": 7,
  "fields": {
    "uid": "",
    "parent": null,
    "part": 8,
    "supplier_part": null,
    "location": 2,
    "belongs_to": null,
    "serial": 102,
    "link": "",
    "batch": null,
    "quantity": "1.00000",
    "updated": "2020-05-19",
    "build": null,
    "purchase_order": null,
    "sales_order": null,
    "is_building": false,
    "stocktake_date": null,
    "stocktake_user": null,
    "review_needed": false,
    "delete_on_deplete": false,
    "status": 10,
    "notes": null,
    "infinite": false,
    "lft": 1,
    "rght": 2,
    "tree_id": 7,
    "level": 0
  }
},
{
  "model": "stock.stockitem",
  "pk": 8,
  "fields": {
    "uid": "",
    "parent": null,
    "part": 8,
    "supplier_part": null,
    "location": 2,
    "belongs_to": null,
    "serial": 103,
    "link": "",
    "batch": null,
    "quantity": "1.00000",
    "updated": "2020-05-19",
    "build": null,
    "purchase_order": null,
    "sales_order": null,
    "is_building": false,
    "stocktake_date": null,
    "stocktake_user": null,
    "review_needed": false,
    "delete_on_deplete": false,
    "status": 10,
    "notes": null,
    "infinite": false,
    "lft": 1,
    "rght": 2,
    "tree_id": 8,
    "level": 0
  }
},
{
  "model": "stock.stockitem",
  "pk": 9,
  "fields": {
    "uid": "",
    "parent": null,
    "part": 8,
    "supplier_part": null,
    "location": 2,
    "belongs_to": null,
    "serial": 104,
    "link": "",
    "batch": null,
    "quantity": "1.00000",
    "updated": "2020-05-19",
    "build": null,
    "purchase_order": null,
    "sales_order": null,
    "is_building": false,
    "stocktake_date": null,
    "stocktake_user": null,
    "review_needed": false,
    "delete_on_deplete": false,
    "status": 10,
    "notes": null,
    "infinite": false,
    "lft": 1,
    "rght": 2,
    "tree_id": 9,
    "level": 0
  }
},
{
  "model": "stock.stockitem",
  "pk": 10,
  "fields": {
    "uid": "",
    "parent": null,
    "part": 8,
    "supplier_part": null,
    "location": 2,
    "belongs_to": null,
    "serial": 105,
    "link": "",
    "batch": null,
    "quantity": "1.00000",
    "updated": "2020-05-19",
    "build": null,
    "purchase_order": null,
    "sales_order": null,
    "is_building": false,
    "stocktake_date": null,
    "stocktake_user": null,
    "review_needed": false,
    "delete_on_deplete": false,
    "status": 10,
    "notes": null,
    "infinite": false,
    "lft": 1,
    "rght": 2,
    "tree_id": 10,
    "level": 0
  }
},
{
  "model": "stock.stockitem",
  "pk": 11,
  "fields": {
    "uid": "",
    "parent": null,
    "part": 8,
    "supplier_part": null,
    "location": 2,
    "belongs_to": null,
    "serial": 106,
    "link": "",
    "batch": null,
    "quantity": "1.00000",
    "updated": "2020-05-19",
    "build": null,
    "purchase_order": null,
    "sales_order": null,
    "is_building": false,
    "stocktake_date": null,
    "stocktake_user": null,
    "review_needed": false,
    "delete_on_deplete": false,
    "status": 10,
    "notes": null,
    "infinite": false,
    "lft": 1,
    "rght": 2,
    "tree_id": 11,
    "level": 0
  }
},
{
  "model": "stock.stockitem",
  "pk": 12,
  "fields": {
    "uid": "",
    "parent": null,
    "part": 8,
    "supplier_part": null,
    "location": 2,
    "belongs_to": null,
    "serial": 107,
    "link": "",
    "batch": null,
    "quantity": "1.00000",
    "updated": "2020-05-19",
    "build": null,
    "purchase_order": null,
    "sales_order": null,
    "is_building": false,
    "stocktake_date": null,
    "stocktake_user": null,
    "review_needed": false,
    "delete_on_deplete": false,
    "status": 10,
    "notes": null,
    "infinite": false,
    "lft": 1,
    "rght": 2,
    "tree_id": 12,
    "level": 0
  }
},
{
  "model": "stock.stockitem",
  "pk": 13,
  "fields": {
    "uid": "",
    "parent": null,
    "part": 8,
    "supplier_part": null,
    "location": 2,
    "belongs_to": null,
    "serial": 108,
    "link": "",
    "batch": null,
    "quantity": "1.00000",
    "updated": "2020-05-19",
    "build": null,
    "purchase_order": null,
    "sales_order": null,
    "is_building": false,
    "stocktake_date": null,
    "stocktake_user": null,
    "review_needed": false,
    "delete_on_deplete": false,
    "status": 10,
    "notes": null,
    "infinite": false,
    "lft": 1,
    "rght": 2,
    "tree_id": 13,
    "level": 0
  }
},
{
  "model": "stock.stockitem",
  "pk": 14,
  "fields": {
    "uid": "",
    "parent": null,
    "part": 8,
    "supplier_part": null,
    "location": 2,
    "belongs_to": null,
    "serial": 109,
    "link": "",
    "batch": null,
    "quantity": "1.00000",
    "updated": "2020-05-19",
    "build": null,
    "purchase_order": null,
    "sales_order": null,
    "is_building": false,
    "stocktake_date": null,
    "stocktake_user": null,
    "review_needed": false,
    "delete_on_deplete": false,
    "status": 10,
    "notes": null,
    "infinite": false,
    "lft": 1,
    "rght": 2,
    "tree_id": 14,
    "level": 0
  }
},
{
  "model": "stock.stockitem",
  "pk": 15,
  "fields": {
    "uid": "",
    "parent": null,
    "part": 8,
    "supplier_part": null,
    "location": 2,
    "belongs_to": null,
    "serial": 110,
    "link": "",
    "batch": null,
    "quantity": "1.00000",
    "updated": "2020-05-19",
    "build": null,
    "purchase_order": null,
    "sales_order": null,
    "is_building": false,
    "stocktake_date": null,
    "stocktake_user": null,
    "review_needed": false,
    "delete_on_deplete": false,
    "status": 10,
    "notes": null,
    "infinite": false,
    "lft": 1,
    "rght": 2,
    "tree_id": 15,
    "level": 0
  }
},
{
  "model": "stock.stockitem",
  "pk": 16,
  "fields": {
    "uid": "",
    "parent": null,
    "part": 8,
    "supplier_part": null,
    "location": 2,
    "belongs_to": null,
    "serial": 111,
    "link": "",
    "batch": null,
    "quantity": "1.00000",
    "updated": "2020-05-19",
    "build": null,
    "purchase_order": null,
    "sales_order": null,
    "is_building": false,
    "stocktake_date": null,
    "stocktake_user": null,
    "review_needed": false,
    "delete_on_deplete": false,
    "status": 10,
    "notes": null,
    "infinite": false,
    "lft": 1,
    "rght": 2,
    "tree_id": 16,
    "level": 0
  }
},
{
  "model": "stock.stockitem",
  "pk": 17,
  "fields": {
    "uid": "",
    "parent": null,
    "part": 8,
    "supplier_part": null,
    "location": 2,
    "belongs_to": null,
    "serial": 112,
    "link": "",
    "batch": null,
    "quantity": "1.00000",
    "updated": "2020-05-19",
    "build": null,
    "purchase_order": null,
    "sales_order": null,
    "is_building": false,
    "stocktake_date": null,
    "stocktake_user": null,
    "review_needed": false,
    "delete_on_deplete": false,
    "status": 10,
    "notes": null,
    "infinite": false,
    "lft": 1,
    "rght": 2,
    "tree_id": 17,
    "level": 0
  }
},
{
  "model": "stock.stockitem",
  "pk": 18,
  "fields": {
    "uid": "",
    "parent": null,
    "part": 8,
    "supplier_part": null,
    "location": 2,
    "belongs_to": null,
    "serial": 113,
    "link": "",
    "batch": null,
    "quantity": "1.00000",
    "updated": "2020-05-19",
    "build": null,
    "purchase_order": null,
    "sales_order": null,
    "is_building": false,
    "stocktake_date": null,
    "stocktake_user": null,
    "review_needed": false,
    "delete_on_deplete": false,
    "status": 10,
    "notes": null,
    "infinite": false,
    "lft": 1,
    "rght": 2,
    "tree_id": 18,
    "level": 0
  }
},
{
  "model": "stock.stockitem",
  "pk": 19,
  "fields": {
    "uid": "",
    "parent": null,
    "part": 8,
    "supplier_part": null,
    "location": 2,
    "belongs_to": null,
    "serial": 114,
    "link": "",
    "batch": null,
    "quantity": "1.00000",
    "updated": "2020-05-19",
    "build": null,
    "purchase_order": null,
    "sales_order": null,
    "is_building": false,
    "stocktake_date": null,
    "stocktake_user": null,
    "review_needed": false,
    "delete_on_deplete": false,
    "status": 10,
    "notes": null,
    "infinite": false,
    "lft": 1,
    "rght": 2,
    "tree_id": 19,
    "level": 0
  }
},
{
  "model": "stock.stockitem",
  "pk": 20,
  "fields": {
    "uid": "",
    "parent": null,
    "part": 8,
    "supplier_part": null,
    "location": 2,
    "belongs_to": null,
    "serial": 115,
    "link": "",
    "batch": null,
    "quantity": "1.00000",
    "updated": "2020-05-19",
    "build": null,
    "purchase_order": null,
    "sales_order": null,
    "is_building": false,
    "stocktake_date": null,
    "stocktake_user": null,
    "review_needed": false,
    "delete_on_deplete": false,
    "status": 10,
    "notes": null,
    "infinite": false,
    "lft": 1,
    "rght": 2,
    "tree_id": 20,
    "level": 0
  }
},
{
  "model": "stock.stockitem",
  "pk": 21,
  "fields": {
    "uid": "",
    "parent": null,
    "part": 8,
    "supplier_part": null,
    "location": 2,
    "belongs_to": null,
    "serial": 116,
    "link": "",
    "batch": null,
    "quantity": "1.00000",
    "updated": "2020-05-19",
    "build": null,
    "purchase_order": null,
    "sales_order": null,
    "is_building": false,
    "stocktake_date": null,
    "stocktake_user": null,
    "review_needed": false,
    "delete_on_deplete": false,
    "status": 10,
    "notes": null,
    "infinite": false,
    "lft": 1,
    "rght": 2,
    "tree_id": 21,
    "level": 0
  }
},
{
  "model": "stock.stockitem",
  "pk": 22,
  "fields": {
    "uid": "",
    "parent": null,
    "part": 8,
    "supplier_part": null,
    "location": 2,
    "belongs_to": null,
    "serial": 117,
    "link": "",
    "batch": null,
    "quantity": "1.00000",
    "updated": "2020-05-19",
    "build": null,
    "purchase_order": null,
    "sales_order": null,
    "is_building": false,
    "stocktake_date": null,
    "stocktake_user": null,
    "review_needed": false,
    "delete_on_deplete": false,
    "status": 10,
    "notes": null,
    "infinite": false,
    "lft": 1,
    "rght": 2,
    "tree_id": 22,
    "level": 0
  }
},
{
  "model": "stock.stockitem",
  "pk": 23,
  "fields": {
    "uid": "",
    "parent": null,
    "part": 8,
    "supplier_part": null,
    "location": 2,
    "belongs_to": null,
    "serial": 118,
    "link": "",
    "batch": null,
    "quantity": "1.00000",
    "updated": "2020-05-19",
    "build": null,
    "purchase_order": null,
    "sales_order": null,
    "is_building": false,
    "stocktake_date": null,
    "stocktake_user": null,
    "review_needed": false,
    "delete_on_deplete": false,
    "status": 10,
    "notes": null,
    "infinite": false,
    "lft": 1,
    "rght": 2,
    "tree_id": 23,
    "level": 0
  }
},
{
  "model": "stock.stockitem",
  "pk": 24,
  "fields": {
    "uid": "",
    "parent": null,
    "part": 8,
    "supplier_part": null,
    "location": 2,
    "belongs_to": null,
    "serial": 119,
    "link": "",
    "batch": null,
    "quantity": "1.00000",
    "updated": "2020-05-19",
    "build": null,
    "purchase_order": null,
    "sales_order": null,
    "is_building": false,
    "stocktake_date": null,
    "stocktake_user": null,
    "review_needed": false,
    "delete_on_deplete": false,
    "status": 10,
    "notes": null,
    "infinite": false,
    "lft": 1,
    "rght": 2,
    "tree_id": 24,
    "level": 0
  }
},
{
  "model": "stock.stockitem",
  "pk": 25,
  "fields": {
    "uid": "",
    "parent": null,
    "part": 8,
    "supplier_part": null,
    "location": 2,
    "belongs_to": null,
    "serial": 120,
    "link": "",
    "batch": null,
    "quantity": "1.00000",
    "updated": "2020-05-19",
    "build": null,
    "purchase_order": null,
    "sales_order": null,
    "is_building": false,
    "stocktake_date": null,
    "stocktake_user": null,
    "review_needed": false,
    "delete_on_deplete": false,
    "status": 10,
    "notes": null,
    "infinite": false,
    "lft": 1,
    "rght": 2,
    "tree_id": 25,
    "level": 0
  }
},
{
  "model": "stock.stockitem",
  "pk": 26,
  "fields": {
    "uid": "",
    "parent": null,
    "part": 8,
    "supplier_part": null,
    "location": 2,
    "belongs_to": null,
    "serial": 121,
    "link": "",
    "batch": null,
    "quantity": "1.00000",
    "updated": "2020-05-19",
    "build": null,
    "purchase_order": null,
    "sales_order": null,
    "is_building": false,
    "stocktake_date": null,
    "stocktake_user": null,
    "review_needed": false,
    "delete_on_deplete": false,
    "status": 10,
    "notes": null,
    "infinite": false,
    "lft": 1,
    "rght": 2,
    "tree_id": 26,
    "level": 0
  }
},
{
  "model": "stock.stockitem",
  "pk": 27,
  "fields": {
    "uid": "",
    "parent": null,
    "part": 8,
    "supplier_part": null,
    "location": 2,
    "belongs_to": null,
    "serial": 122,
    "link": "",
    "batch": null,
    "quantity": "1.00000",
    "updated": "2020-05-19",
    "build": null,
    "purchase_order": null,
    "sales_order": null,
    "is_building": false,
    "stocktake_date": null,
    "stocktake_user": null,
    "review_needed": false,
    "delete_on_deplete": false,
    "status": 10,
    "notes": null,
    "infinite": false,
    "lft": 1,
    "rght": 2,
    "tree_id": 27,
    "level": 0
  }
},
{
  "model": "stock.stockitem",
  "pk": 28,
  "fields": {
    "uid": "",
    "parent": null,
    "part": 8,
    "supplier_part": null,
    "location": 2,
    "belongs_to": null,
    "serial": 123,
    "link": "",
    "batch": null,
    "quantity": "1.00000",
    "updated": "2020-05-19",
    "build": null,
    "purchase_order": null,
    "sales_order": null,
    "is_building": false,
    "stocktake_date": null,
    "stocktake_user": null,
    "review_needed": false,
    "delete_on_deplete": false,
    "status": 10,
    "notes": null,
    "infinite": false,
    "lft": 1,
    "rght": 2,
    "tree_id": 28,
    "level": 0
  }
},
{
  "model": "stock.stockitem",
  "pk": 29,
  "fields": {
    "uid": "",
    "parent": null,
    "part": 8,
    "supplier_part": null,
    "location": 2,
    "belongs_to": null,
    "serial": 124,
    "link": "",
    "batch": null,
    "quantity": "1.00000",
    "updated": "2020-05-19",
    "build": null,
    "purchase_order": null,
    "sales_order": null,
    "is_building": false,
    "stocktake_date": null,
    "stocktake_user": null,
    "review_needed": false,
    "delete_on_deplete": false,
    "status": 10,
    "notes": null,
    "infinite": false,
    "lft": 1,
    "rght": 2,
    "tree_id": 29,
    "level": 0
  }
},
{
  "model": "stock.stockitem",
  "pk": 30,
  "fields": {
    "uid": "",
    "parent": null,
    "part": 8,
    "supplier_part": null,
    "location": 2,
    "belongs_to": null,
    "serial": 125,
    "link": "",
    "batch": null,
    "quantity": "1.00000",
    "updated": "2020-05-19",
    "build": null,
    "purchase_order": null,
    "sales_order": null,
    "is_building": false,
    "stocktake_date": null,
    "stocktake_user": null,
    "review_needed": false,
    "delete_on_deplete": false,
    "status": 10,
    "notes": null,
    "infinite": false,
    "lft": 1,
    "rght": 2,
    "tree_id": 30,
    "level": 0
  }
},
{
  "model": "stock.stockitem",
  "pk": 31,
  "fields": {
    "uid": "",
    "parent": null,
    "part": 8,
    "supplier_part": null,
    "location": 2,
    "belongs_to": null,
    "serial": 126,
    "link": "",
    "batch": null,
    "quantity": "1.00000",
    "updated": "2020-05-19",
    "build": null,
    "purchase_order": null,
    "sales_order": null,
    "is_building": false,
    "stocktake_date": null,
    "stocktake_user": null,
    "review_needed": false,
    "delete_on_deplete": false,
    "status": 10,
    "notes": null,
    "infinite": false,
    "lft": 1,
    "rght": 2,
    "tree_id": 31,
    "level": 0
  }
},
{
  "model": "stock.stockitem",
  "pk": 32,
  "fields": {
    "uid": "",
    "parent": null,
    "part": 8,
    "supplier_part": null,
    "location": 2,
    "belongs_to": null,
    "serial": 127,
    "link": "",
    "batch": null,
    "quantity": "1.00000",
    "updated": "2020-05-19",
    "build": null,
    "purchase_order": null,
    "sales_order": null,
    "is_building": false,
    "stocktake_date": null,
    "stocktake_user": null,
    "review_needed": false,
    "delete_on_deplete": false,
    "status": 10,
    "notes": null,
    "infinite": false,
    "lft": 1,
    "rght": 2,
    "tree_id": 32,
    "level": 0
  }
},
{
  "model": "stock.stockitem",
  "pk": 33,
  "fields": {
    "uid": "",
    "parent": null,
    "part": 8,
    "supplier_part": null,
    "location": 2,
    "belongs_to": null,
    "serial": 128,
    "link": "",
    "batch": null,
    "quantity": "1.00000",
    "updated": "2020-05-19",
    "build": null,
    "purchase_order": null,
    "sales_order": null,
    "is_building": false,
    "stocktake_date": null,
    "stocktake_user": null,
    "review_needed": false,
    "delete_on_deplete": false,
    "status": 10,
    "notes": null,
    "infinite": false,
    "lft": 1,
    "rght": 2,
    "tree_id": 33,
    "level": 0
  }
},
{
  "model": "stock.stockitem",
  "pk": 34,
  "fields": {
    "uid": "",
    "parent": null,
    "part": 8,
    "supplier_part": null,
    "location": 2,
    "belongs_to": null,
    "serial": 129,
    "link": "",
    "batch": null,
    "quantity": "1.00000",
    "updated": "2020-05-19",
    "build": null,
    "purchase_order": null,
    "sales_order": null,
    "is_building": false,
    "stocktake_date": null,
    "stocktake_user": null,
    "review_needed": false,
    "delete_on_deplete": false,
    "status": 10,
    "notes": null,
    "infinite": false,
    "lft": 1,
    "rght": 2,
    "tree_id": 34,
    "level": 0
  }
},
{
  "model": "stock.stockitem",
  "pk": 35,
  "fields": {
    "uid": "",
    "parent": null,
    "part": 8,
    "supplier_part": null,
    "location": 2,
    "belongs_to": null,
    "serial": 130,
    "link": "",
    "batch": null,
    "quantity": "1.00000",
    "updated": "2020-05-19",
    "build": null,
    "purchase_order": null,
    "sales_order": null,
    "is_building": false,
    "stocktake_date": null,
    "stocktake_user": null,
    "review_needed": false,
    "delete_on_deplete": false,
    "status": 10,
    "notes": null,
    "infinite": false,
    "lft": 1,
    "rght": 2,
    "tree_id": 35,
    "level": 0
  }
},
{
  "model": "stock.stockitem",
  "pk": 36,
  "fields": {
    "uid": "",
    "parent": null,
    "part": 8,
    "supplier_part": null,
    "location": 2,
    "belongs_to": null,
    "serial": 131,
    "link": "",
    "batch": null,
    "quantity": "1.00000",
    "updated": "2020-05-19",
    "build": null,
    "purchase_order": null,
    "sales_order": null,
    "is_building": false,
    "stocktake_date": null,
    "stocktake_user": null,
    "review_needed": false,
    "delete_on_deplete": false,
    "status": 10,
    "notes": null,
    "infinite": false,
    "lft": 1,
    "rght": 2,
    "tree_id": 36,
    "level": 0
  }
},
{
  "model": "stock.stockitem",
  "pk": 37,
  "fields": {
    "uid": "",
    "parent": null,
    "part": 8,
    "supplier_part": null,
    "location": 2,
    "belongs_to": null,
    "serial": 132,
    "link": "",
    "batch": null,
    "quantity": "1.00000",
    "updated": "2020-05-19",
    "build": null,
    "purchase_order": null,
    "sales_order": null,
    "is_building": false,
    "stocktake_date": null,
    "stocktake_user": null,
    "review_needed": false,
    "delete_on_deplete": false,
    "status": 10,
    "notes": null,
    "infinite": false,
    "lft": 1,
    "rght": 2,
    "tree_id": 37,
    "level": 0
  }
},
{
  "model": "stock.stockitem",
  "pk": 38,
  "fields": {
    "uid": "",
    "parent": null,
    "part": 8,
    "supplier_part": null,
    "location": 2,
    "belongs_to": null,
    "serial": 133,
    "link": "",
    "batch": null,
    "quantity": "1.00000",
    "updated": "2020-05-19",
    "build": null,
    "purchase_order": null,
    "sales_order": null,
    "is_building": false,
    "stocktake_date": null,
    "stocktake_user": null,
    "review_needed": false,
    "delete_on_deplete": false,
    "status": 10,
    "notes": null,
    "infinite": false,
    "lft": 1,
    "rght": 2,
    "tree_id": 38,
    "level": 0
  }
},
{
  "model": "stock.stockitem",
  "pk": 39,
  "fields": {
    "uid": "",
    "parent": null,
    "part": 8,
    "supplier_part": null,
    "location": 2,
    "belongs_to": null,
    "serial": 134,
    "link": "",
    "batch": null,
    "quantity": "1.00000",
    "updated": "2020-05-19",
    "build": null,
    "purchase_order": null,
    "sales_order": null,
    "is_building": false,
    "stocktake_date": null,
    "stocktake_user": null,
    "review_needed": false,
    "delete_on_deplete": false,
    "status": 10,
    "notes": null,
    "infinite": false,
    "lft": 1,
    "rght": 2,
    "tree_id": 39,
    "level": 0
  }
},
{
  "model": "stock.stockitem",
  "pk": 40,
  "fields": {
    "uid": "",
    "parent": null,
    "part": 8,
    "supplier_part": null,
    "location": 2,
    "belongs_to": null,
    "serial": 135,
    "link": "",
    "batch": null,
    "quantity": "1.00000",
    "updated": "2020-05-19",
    "build": null,
    "purchase_order": null,
    "sales_order": null,
    "is_building": false,
    "stocktake_date": null,
    "stocktake_user": null,
    "review_needed": false,
    "delete_on_deplete": false,
    "status": 10,
    "notes": null,
    "infinite": false,
    "lft": 1,
    "rght": 2,
    "tree_id": 40,
    "level": 0
  }
},
{
  "model": "stock.stockitem",
  "pk": 41,
  "fields": {
    "uid": "",
    "parent": null,
    "part": 8,
    "supplier_part": null,
    "location": 2,
    "belongs_to": null,
    "serial": 136,
    "link": "",
    "batch": null,
    "quantity": "1.00000",
    "updated": "2020-05-19",
    "build": null,
    "purchase_order": null,
    "sales_order": null,
    "is_building": false,
    "stocktake_date": null,
    "stocktake_user": null,
    "review_needed": false,
    "delete_on_deplete": false,
    "status": 10,
    "notes": null,
    "infinite": false,
    "lft": 1,
    "rght": 2,
    "tree_id": 41,
    "level": 0
  }
},
{
  "model": "stock.stockitem",
  "pk": 42,
  "fields": {
    "uid": "",
    "parent": null,
    "part": 8,
    "supplier_part": null,
    "location": 2,
    "belongs_to": null,
    "serial": 137,
    "link": "",
    "batch": null,
    "quantity": "1.00000",
    "updated": "2020-05-19",
    "build": null,
    "purchase_order": null,
    "sales_order": null,
    "is_building": false,
    "stocktake_date": null,
    "stocktake_user": null,
    "review_needed": false,
    "delete_on_deplete": false,
    "status": 10,
    "notes": null,
    "infinite": false,
    "lft": 1,
    "rght": 2,
    "tree_id": 42,
    "level": 0
  }
},
{
  "model": "stock.stockitem",
  "pk": 43,
  "fields": {
    "uid": "",
    "parent": null,
    "part": 8,
    "supplier_part": null,
    "location": 2,
    "belongs_to": null,
    "serial": 138,
    "link": "",
    "batch": null,
    "quantity": "1.00000",
    "updated": "2020-05-19",
    "build": null,
    "purchase_order": null,
    "sales_order": null,
    "is_building": false,
    "stocktake_date": null,
    "stocktake_user": null,
    "review_needed": false,
    "delete_on_deplete": false,
    "status": 10,
    "notes": null,
    "infinite": false,
    "lft": 1,
    "rght": 2,
    "tree_id": 43,
    "level": 0
  }
},
{
  "model": "stock.stockitem",
  "pk": 44,
  "fields": {
    "uid": "",
    "parent": null,
    "part": 8,
    "supplier_part": null,
    "location": 2,
    "belongs_to": null,
    "serial": 139,
    "link": "",
    "batch": null,
    "quantity": "1.00000",
    "updated": "2020-05-19",
    "build": null,
    "purchase_order": null,
    "sales_order": null,
    "is_building": false,
    "stocktake_date": null,
    "stocktake_user": null,
    "review_needed": false,
    "delete_on_deplete": false,
    "status": 10,
    "notes": null,
    "infinite": false,
    "lft": 1,
    "rght": 2,
    "tree_id": 44,
    "level": 0
  }
},
{
  "model": "stock.stockitem",
  "pk": 45,
  "fields": {
    "uid": "",
    "parent": null,
    "part": 8,
    "supplier_part": null,
    "location": 2,
    "belongs_to": null,
    "serial": 140,
    "link": "",
    "batch": null,
    "quantity": "1.00000",
    "updated": "2020-05-19",
    "build": null,
    "purchase_order": null,
    "sales_order": null,
    "is_building": false,
    "stocktake_date": null,
    "stocktake_user": null,
    "review_needed": false,
    "delete_on_deplete": false,
    "status": 10,
    "notes": null,
    "infinite": false,
    "lft": 1,
    "rght": 2,
    "tree_id": 45,
    "level": 0
  }
},
{
  "model": "stock.stockitem",
  "pk": 46,
  "fields": {
    "uid": "",
    "parent": null,
    "part": 8,
    "supplier_part": null,
    "location": 2,
    "belongs_to": null,
    "serial": 141,
    "link": "",
    "batch": null,
    "quantity": "1.00000",
    "updated": "2020-05-19",
    "build": null,
    "purchase_order": null,
    "sales_order": null,
    "is_building": false,
    "stocktake_date": null,
    "stocktake_user": null,
    "review_needed": false,
    "delete_on_deplete": false,
    "status": 10,
    "notes": null,
    "infinite": false,
    "lft": 1,
    "rght": 2,
    "tree_id": 46,
    "level": 0
  }
},
{
  "model": "stock.stockitem",
  "pk": 47,
  "fields": {
    "uid": "",
    "parent": null,
    "part": 8,
    "supplier_part": null,
    "location": 2,
    "belongs_to": null,
    "serial": 142,
    "link": "",
    "batch": null,
    "quantity": "1.00000",
    "updated": "2020-05-19",
    "build": null,
    "purchase_order": null,
    "sales_order": null,
    "is_building": false,
    "stocktake_date": null,
    "stocktake_user": null,
    "review_needed": false,
    "delete_on_deplete": false,
    "status": 10,
    "notes": null,
    "infinite": false,
    "lft": 1,
    "rght": 2,
    "tree_id": 47,
    "level": 0
  }
},
{
  "model": "stock.stockitem",
  "pk": 48,
  "fields": {
    "uid": "",
    "parent": null,
    "part": 8,
    "supplier_part": null,
    "location": 2,
    "belongs_to": null,
    "serial": 143,
    "link": "",
    "batch": null,
    "quantity": "1.00000",
    "updated": "2020-05-19",
    "build": null,
    "purchase_order": null,
    "sales_order": null,
    "is_building": false,
    "stocktake_date": null,
    "stocktake_user": null,
    "review_needed": false,
    "delete_on_deplete": false,
    "status": 10,
    "notes": null,
    "infinite": false,
    "lft": 1,
    "rght": 2,
    "tree_id": 48,
    "level": 0
  }
},
{
  "model": "stock.stockitem",
  "pk": 49,
  "fields": {
    "uid": "",
    "parent": null,
    "part": 8,
    "supplier_part": null,
    "location": 2,
    "belongs_to": null,
    "serial": 144,
    "link": "",
    "batch": null,
    "quantity": "1.00000",
    "updated": "2020-05-19",
    "build": null,
    "purchase_order": null,
    "sales_order": null,
    "is_building": false,
    "stocktake_date": null,
    "stocktake_user": null,
    "review_needed": false,
    "delete_on_deplete": false,
    "status": 10,
    "notes": null,
    "infinite": false,
    "lft": 1,
    "rght": 2,
    "tree_id": 49,
    "level": 0
  }
},
{
  "model": "stock.stockitem",
  "pk": 50,
  "fields": {
    "uid": "",
    "parent": null,
    "part": 8,
    "supplier_part": null,
    "location": 2,
    "belongs_to": null,
    "serial": 145,
    "link": "",
    "batch": null,
    "quantity": "1.00000",
    "updated": "2020-05-19",
    "build": null,
    "purchase_order": null,
    "sales_order": null,
    "is_building": false,
    "stocktake_date": null,
    "stocktake_user": null,
    "review_needed": false,
    "delete_on_deplete": false,
    "status": 10,
    "notes": null,
    "infinite": false,
    "lft": 1,
    "rght": 2,
    "tree_id": 50,
    "level": 0
  }
},
{
  "model": "stock.stockitem",
  "pk": 51,
  "fields": {
    "uid": "",
    "parent": null,
    "part": 8,
    "supplier_part": null,
    "location": 2,
    "belongs_to": null,
    "serial": 146,
    "link": "",
    "batch": null,
    "quantity": "1.00000",
    "updated": "2020-05-19",
    "build": null,
    "purchase_order": null,
    "sales_order": null,
    "is_building": false,
    "stocktake_date": null,
    "stocktake_user": null,
    "review_needed": false,
    "delete_on_deplete": false,
    "status": 10,
    "notes": null,
    "infinite": false,
    "lft": 1,
    "rght": 2,
    "tree_id": 51,
    "level": 0
  }
},
{
  "model": "stock.stockitem",
  "pk": 52,
  "fields": {
    "uid": "",
    "parent": null,
    "part": 8,
    "supplier_part": null,
    "location": 2,
    "belongs_to": null,
    "serial": 147,
    "link": "",
    "batch": null,
    "quantity": "1.00000",
    "updated": "2020-05-19",
    "build": null,
    "purchase_order": null,
    "sales_order": null,
    "is_building": false,
    "stocktake_date": null,
    "stocktake_user": null,
    "review_needed": false,
    "delete_on_deplete": false,
    "status": 10,
    "notes": null,
    "infinite": false,
    "lft": 1,
    "rght": 2,
    "tree_id": 52,
    "level": 0
  }
},
{
  "model": "stock.stockitem",
  "pk": 53,
  "fields": {
    "uid": "",
    "parent": null,
    "part": 8,
    "supplier_part": null,
    "location": 2,
    "belongs_to": null,
    "serial": 148,
    "link": "",
    "batch": null,
    "quantity": "1.00000",
    "updated": "2020-05-19",
    "build": null,
    "purchase_order": null,
    "sales_order": null,
    "is_building": false,
    "stocktake_date": null,
    "stocktake_user": null,
    "review_needed": false,
    "delete_on_deplete": false,
    "status": 10,
    "notes": null,
    "infinite": false,
    "lft": 1,
    "rght": 2,
    "tree_id": 53,
    "level": 0
  }
},
{
  "model": "stock.stockitem",
  "pk": 54,
  "fields": {
    "uid": "",
    "parent": null,
    "part": 8,
    "supplier_part": null,
    "location": 2,
    "belongs_to": null,
    "serial": 149,
    "link": "",
    "batch": null,
    "quantity": "1.00000",
    "updated": "2020-05-19",
    "build": null,
    "purchase_order": null,
    "sales_order": null,
    "is_building": false,
    "stocktake_date": null,
    "stocktake_user": null,
    "review_needed": false,
    "delete_on_deplete": false,
    "status": 10,
    "notes": null,
    "infinite": false,
    "lft": 1,
    "rght": 2,
    "tree_id": 54,
    "level": 0
  }
},
{
  "model": "stock.stockitem",
  "pk": 55,
  "fields": {
    "uid": "",
    "parent": null,
    "part": 8,
    "supplier_part": null,
    "location": 2,
    "belongs_to": null,
    "serial": 150,
    "link": "",
    "batch": null,
    "quantity": "1.00000",
    "updated": "2020-05-19",
    "build": null,
    "purchase_order": null,
    "sales_order": null,
    "is_building": false,
    "stocktake_date": null,
    "stocktake_user": null,
    "review_needed": false,
    "delete_on_deplete": false,
    "status": 10,
    "notes": null,
    "infinite": false,
    "lft": 1,
    "rght": 2,
    "tree_id": 55,
    "level": 0
  }
},
{
  "model": "stock.stockitem",
  "pk": 56,
  "fields": {
    "uid": "",
    "parent": null,
    "part": 8,
    "supplier_part": null,
    "location": 2,
    "belongs_to": null,
    "serial": 151,
    "link": "",
    "batch": null,
    "quantity": "1.00000",
    "updated": "2020-05-19",
    "build": null,
    "purchase_order": null,
    "sales_order": null,
    "is_building": false,
    "stocktake_date": null,
    "stocktake_user": null,
    "review_needed": false,
    "delete_on_deplete": false,
    "status": 10,
    "notes": null,
    "infinite": false,
    "lft": 1,
    "rght": 2,
    "tree_id": 56,
    "level": 0
  }
},
{
  "model": "stock.stockitem",
  "pk": 57,
  "fields": {
    "uid": "",
    "parent": null,
    "part": 8,
    "supplier_part": null,
    "location": 2,
    "belongs_to": null,
    "serial": 152,
    "link": "",
    "batch": null,
    "quantity": "1.00000",
    "updated": "2020-05-19",
    "build": null,
    "purchase_order": null,
    "sales_order": null,
    "is_building": false,
    "stocktake_date": null,
    "stocktake_user": null,
    "review_needed": false,
    "delete_on_deplete": false,
    "status": 10,
    "notes": null,
    "infinite": false,
    "lft": 1,
    "rght": 2,
    "tree_id": 57,
    "level": 0
  }
},
{
  "model": "stock.stockitem",
  "pk": 58,
  "fields": {
    "uid": "",
    "parent": null,
    "part": 8,
    "supplier_part": null,
    "location": 2,
    "belongs_to": null,
    "serial": 153,
    "link": "",
    "batch": null,
    "quantity": "1.00000",
    "updated": "2020-05-19",
    "build": null,
    "purchase_order": null,
    "sales_order": null,
    "is_building": false,
    "stocktake_date": null,
    "stocktake_user": null,
    "review_needed": false,
    "delete_on_deplete": false,
    "status": 10,
    "notes": null,
    "infinite": false,
    "lft": 1,
    "rght": 2,
    "tree_id": 58,
    "level": 0
  }
},
{
  "model": "stock.stockitem",
  "pk": 59,
  "fields": {
    "uid": "",
    "parent": null,
    "part": 8,
    "supplier_part": null,
    "location": 2,
    "belongs_to": null,
    "serial": 154,
    "link": "",
    "batch": null,
    "quantity": "1.00000",
    "updated": "2020-05-19",
    "build": null,
    "purchase_order": null,
    "sales_order": null,
    "is_building": false,
    "stocktake_date": null,
    "stocktake_user": null,
    "review_needed": false,
    "delete_on_deplete": false,
    "status": 10,
    "notes": null,
    "infinite": false,
    "lft": 1,
    "rght": 2,
    "tree_id": 59,
    "level": 0
  }
},
{
  "model": "stock.stockitem",
  "pk": 60,
  "fields": {
    "uid": "",
    "parent": null,
    "part": 8,
    "supplier_part": null,
    "location": 2,
    "belongs_to": null,
    "serial": 155,
    "link": "",
    "batch": null,
    "quantity": "1.00000",
    "updated": "2020-05-19",
    "build": null,
    "purchase_order": null,
    "sales_order": null,
    "is_building": false,
    "stocktake_date": null,
    "stocktake_user": null,
    "review_needed": false,
    "delete_on_deplete": false,
    "status": 10,
    "notes": null,
    "infinite": false,
    "lft": 1,
    "rght": 2,
    "tree_id": 60,
    "level": 0
  }
},
{
  "model": "stock.stockitem",
  "pk": 61,
  "fields": {
    "uid": "",
    "parent": null,
    "part": 8,
    "supplier_part": null,
    "location": 2,
    "belongs_to": null,
    "serial": 156,
    "link": "",
    "batch": null,
    "quantity": "1.00000",
    "updated": "2020-05-19",
    "build": null,
    "purchase_order": null,
    "sales_order": null,
    "is_building": false,
    "stocktake_date": null,
    "stocktake_user": null,
    "review_needed": false,
    "delete_on_deplete": false,
    "status": 10,
    "notes": null,
    "infinite": false,
    "lft": 1,
    "rght": 2,
    "tree_id": 61,
    "level": 0
  }
},
{
  "model": "stock.stockitem",
  "pk": 62,
  "fields": {
    "uid": "",
    "parent": null,
    "part": 8,
    "supplier_part": null,
    "location": 2,
    "belongs_to": null,
    "serial": 157,
    "link": "",
    "batch": null,
    "quantity": "1.00000",
    "updated": "2020-05-19",
    "build": null,
    "purchase_order": null,
    "sales_order": null,
    "is_building": false,
    "stocktake_date": null,
    "stocktake_user": null,
    "review_needed": false,
    "delete_on_deplete": false,
    "status": 10,
    "notes": null,
    "infinite": false,
    "lft": 1,
    "rght": 2,
    "tree_id": 62,
    "level": 0
  }
},
{
  "model": "stock.stockitem",
  "pk": 63,
  "fields": {
    "uid": "",
    "parent": null,
    "part": 8,
    "supplier_part": null,
    "location": 2,
    "belongs_to": null,
    "serial": 158,
    "link": "",
    "batch": null,
    "quantity": "1.00000",
    "updated": "2020-05-19",
    "build": null,
    "purchase_order": null,
    "sales_order": null,
    "is_building": false,
    "stocktake_date": null,
    "stocktake_user": null,
    "review_needed": false,
    "delete_on_deplete": false,
    "status": 10,
    "notes": null,
    "infinite": false,
    "lft": 1,
    "rght": 2,
    "tree_id": 63,
    "level": 0
  }
},
{
  "model": "stock.stockitem",
  "pk": 64,
  "fields": {
    "uid": "",
    "parent": null,
    "part": 8,
    "supplier_part": null,
    "location": 2,
    "belongs_to": null,
    "serial": 159,
    "link": "",
    "batch": null,
    "quantity": "1.00000",
    "updated": "2020-05-19",
    "build": null,
    "purchase_order": null,
    "sales_order": null,
    "is_building": false,
    "stocktake_date": null,
    "stocktake_user": null,
    "review_needed": false,
    "delete_on_deplete": false,
    "status": 10,
    "notes": null,
    "infinite": false,
    "lft": 1,
    "rght": 2,
    "tree_id": 64,
    "level": 0
  }
},
{
  "model": "stock.stockitem",
  "pk": 65,
  "fields": {
    "uid": "",
    "parent": null,
    "part": 8,
    "supplier_part": null,
    "location": 2,
    "belongs_to": null,
    "serial": 160,
    "link": "",
    "batch": null,
    "quantity": "1.00000",
    "updated": "2020-05-19",
    "build": null,
    "purchase_order": null,
    "sales_order": null,
    "is_building": false,
    "stocktake_date": null,
    "stocktake_user": null,
    "review_needed": false,
    "delete_on_deplete": false,
    "status": 10,
    "notes": null,
    "infinite": false,
    "lft": 1,
    "rght": 2,
    "tree_id": 65,
    "level": 0
  }
},
{
  "model": "stock.stockitem",
  "pk": 66,
  "fields": {
    "uid": "",
    "parent": null,
    "part": 8,
    "supplier_part": null,
    "location": 2,
    "belongs_to": null,
    "serial": 161,
    "link": "",
    "batch": null,
    "quantity": "1.00000",
    "updated": "2020-05-19",
    "build": null,
    "purchase_order": null,
    "sales_order": null,
    "is_building": false,
    "stocktake_date": null,
    "stocktake_user": null,
    "review_needed": false,
    "delete_on_deplete": false,
    "status": 10,
    "notes": null,
    "infinite": false,
    "lft": 1,
    "rght": 2,
    "tree_id": 66,
    "level": 0
  }
},
{
  "model": "stock.stockitem",
  "pk": 67,
  "fields": {
    "uid": "",
    "parent": null,
    "part": 8,
    "supplier_part": null,
    "location": 2,
    "belongs_to": null,
    "serial": 162,
    "link": "",
    "batch": null,
    "quantity": "1.00000",
    "updated": "2020-05-19",
    "build": null,
    "purchase_order": null,
    "sales_order": null,
    "is_building": false,
    "stocktake_date": null,
    "stocktake_user": null,
    "review_needed": false,
    "delete_on_deplete": false,
    "status": 10,
    "notes": null,
    "infinite": false,
    "lft": 1,
    "rght": 2,
    "tree_id": 67,
    "level": 0
  }
},
{
  "model": "stock.stockitem",
  "pk": 68,
  "fields": {
    "uid": "",
    "parent": null,
    "part": 8,
    "supplier_part": null,
    "location": 2,
    "belongs_to": null,
    "serial": 163,
    "link": "",
    "batch": null,
    "quantity": "1.00000",
    "updated": "2020-05-19",
    "build": null,
    "purchase_order": null,
    "sales_order": null,
    "is_building": false,
    "stocktake_date": null,
    "stocktake_user": null,
    "review_needed": false,
    "delete_on_deplete": false,
    "status": 10,
    "notes": null,
    "infinite": false,
    "lft": 1,
    "rght": 2,
    "tree_id": 68,
    "level": 0
  }
},
{
  "model": "stock.stockitem",
  "pk": 69,
  "fields": {
    "uid": "",
    "parent": null,
    "part": 8,
    "supplier_part": null,
    "location": 2,
    "belongs_to": null,
    "serial": 164,
    "link": "",
    "batch": null,
    "quantity": "1.00000",
    "updated": "2020-05-19",
    "build": null,
    "purchase_order": null,
    "sales_order": null,
    "is_building": false,
    "stocktake_date": null,
    "stocktake_user": null,
    "review_needed": false,
    "delete_on_deplete": false,
    "status": 10,
    "notes": null,
    "infinite": false,
    "lft": 1,
    "rght": 2,
    "tree_id": 69,
    "level": 0
  }
},
{
  "model": "stock.stockitem",
  "pk": 70,
  "fields": {
    "uid": "",
    "parent": null,
    "part": 8,
    "supplier_part": null,
    "location": 2,
    "belongs_to": null,
    "serial": 165,
    "link": "",
    "batch": null,
    "quantity": "1.00000",
    "updated": "2020-05-19",
    "build": null,
    "purchase_order": null,
    "sales_order": null,
    "is_building": false,
    "stocktake_date": null,
    "stocktake_user": null,
    "review_needed": false,
    "delete_on_deplete": false,
    "status": 10,
    "notes": null,
    "infinite": false,
    "lft": 1,
    "rght": 2,
    "tree_id": 70,
    "level": 0
  }
},
{
  "model": "stock.stockitem",
  "pk": 71,
  "fields": {
    "uid": "",
    "parent": null,
    "part": 8,
    "supplier_part": null,
    "location": 2,
    "belongs_to": null,
    "serial": 166,
    "link": "",
    "batch": null,
    "quantity": "1.00000",
    "updated": "2020-05-19",
    "build": null,
    "purchase_order": null,
    "sales_order": null,
    "is_building": false,
    "stocktake_date": null,
    "stocktake_user": null,
    "review_needed": false,
    "delete_on_deplete": false,
    "status": 10,
    "notes": null,
    "infinite": false,
    "lft": 1,
    "rght": 2,
    "tree_id": 71,
    "level": 0
  }
},
{
  "model": "stock.stockitem",
  "pk": 72,
  "fields": {
    "uid": "",
    "parent": null,
    "part": 8,
    "supplier_part": null,
    "location": 2,
    "belongs_to": null,
    "serial": 167,
    "link": "",
    "batch": null,
    "quantity": "1.00000",
    "updated": "2020-05-19",
    "build": null,
    "purchase_order": null,
    "sales_order": null,
    "is_building": false,
    "stocktake_date": null,
    "stocktake_user": null,
    "review_needed": false,
    "delete_on_deplete": false,
    "status": 10,
    "notes": null,
    "infinite": false,
    "lft": 1,
    "rght": 2,
    "tree_id": 72,
    "level": 0
  }
},
{
  "model": "stock.stockitem",
  "pk": 73,
  "fields": {
    "uid": "",
    "parent": null,
    "part": 8,
    "supplier_part": null,
    "location": 2,
    "belongs_to": null,
    "serial": 168,
    "link": "",
    "batch": null,
    "quantity": "1.00000",
    "updated": "2020-05-19",
    "build": null,
    "purchase_order": null,
    "sales_order": null,
    "is_building": false,
    "stocktake_date": null,
    "stocktake_user": null,
    "review_needed": false,
    "delete_on_deplete": false,
    "status": 10,
    "notes": null,
    "infinite": false,
    "lft": 1,
    "rght": 2,
    "tree_id": 73,
    "level": 0
  }
},
{
  "model": "stock.stockitem",
  "pk": 74,
  "fields": {
    "uid": "",
    "parent": null,
    "part": 8,
    "supplier_part": null,
    "location": 2,
    "belongs_to": null,
    "serial": 169,
    "link": "",
    "batch": null,
    "quantity": "1.00000",
    "updated": "2020-05-19",
    "build": null,
    "purchase_order": null,
    "sales_order": null,
    "is_building": false,
    "stocktake_date": null,
    "stocktake_user": null,
    "review_needed": false,
    "delete_on_deplete": false,
    "status": 10,
    "notes": null,
    "infinite": false,
    "lft": 1,
    "rght": 2,
    "tree_id": 74,
    "level": 0
  }
},
{
  "model": "stock.stockitem",
  "pk": 75,
  "fields": {
    "uid": "",
    "parent": null,
    "part": 8,
    "supplier_part": null,
    "location": 2,
    "belongs_to": null,
    "serial": 170,
    "link": "",
    "batch": null,
    "quantity": "1.00000",
    "updated": "2020-05-19",
    "build": null,
    "purchase_order": null,
    "sales_order": null,
    "is_building": false,
    "stocktake_date": null,
    "stocktake_user": null,
    "review_needed": false,
    "delete_on_deplete": false,
    "status": 10,
    "notes": null,
    "infinite": false,
    "lft": 1,
    "rght": 2,
    "tree_id": 75,
    "level": 0
  }
},
{
  "model": "stock.stockitem",
  "pk": 76,
  "fields": {
    "uid": "",
    "parent": null,
    "part": 8,
    "supplier_part": null,
    "location": 2,
    "belongs_to": null,
    "serial": 171,
    "link": "",
    "batch": null,
    "quantity": "1.00000",
    "updated": "2020-05-19",
    "build": null,
    "purchase_order": null,
    "sales_order": null,
    "is_building": false,
    "stocktake_date": null,
    "stocktake_user": null,
    "review_needed": false,
    "delete_on_deplete": false,
    "status": 10,
    "notes": null,
    "infinite": false,
    "lft": 1,
    "rght": 2,
    "tree_id": 76,
    "level": 0
  }
},
{
  "model": "stock.stockitem",
  "pk": 77,
  "fields": {
    "uid": "",
    "parent": null,
    "part": 8,
    "supplier_part": null,
    "location": 2,
    "belongs_to": null,
    "serial": 172,
    "link": "",
    "batch": null,
    "quantity": "1.00000",
    "updated": "2020-05-19",
    "build": null,
    "purchase_order": null,
    "sales_order": null,
    "is_building": false,
    "stocktake_date": null,
    "stocktake_user": null,
    "review_needed": false,
    "delete_on_deplete": false,
    "status": 10,
    "notes": null,
    "infinite": false,
    "lft": 1,
    "rght": 2,
    "tree_id": 77,
    "level": 0
  }
},
{
  "model": "stock.stockitem",
  "pk": 78,
  "fields": {
    "uid": "",
    "parent": null,
    "part": 8,
    "supplier_part": null,
    "location": 2,
    "belongs_to": null,
    "serial": 173,
    "link": "",
    "batch": null,
    "quantity": "1.00000",
    "updated": "2020-05-19",
    "build": null,
    "purchase_order": null,
    "sales_order": null,
    "is_building": false,
    "stocktake_date": null,
    "stocktake_user": null,
    "review_needed": false,
    "delete_on_deplete": false,
    "status": 10,
    "notes": null,
    "infinite": false,
    "lft": 1,
    "rght": 2,
    "tree_id": 78,
    "level": 0
  }
},
{
  "model": "stock.stockitem",
  "pk": 79,
  "fields": {
    "uid": "",
    "parent": null,
    "part": 8,
    "supplier_part": null,
    "location": 2,
    "belongs_to": null,
    "serial": 174,
    "link": "",
    "batch": null,
    "quantity": "1.00000",
    "updated": "2020-05-19",
    "build": null,
    "purchase_order": null,
    "sales_order": null,
    "is_building": false,
    "stocktake_date": null,
    "stocktake_user": null,
    "review_needed": false,
    "delete_on_deplete": false,
    "status": 10,
    "notes": null,
    "infinite": false,
    "lft": 1,
    "rght": 2,
    "tree_id": 79,
    "level": 0
  }
},
{
  "model": "stock.stockitem",
  "pk": 80,
  "fields": {
    "uid": "",
    "parent": null,
    "part": 8,
    "supplier_part": null,
    "location": 2,
    "belongs_to": null,
    "serial": 175,
    "link": "",
    "batch": null,
    "quantity": "1.00000",
    "updated": "2020-05-19",
    "build": null,
    "purchase_order": null,
    "sales_order": null,
    "is_building": false,
    "stocktake_date": null,
    "stocktake_user": null,
    "review_needed": false,
    "delete_on_deplete": false,
    "status": 10,
    "notes": null,
    "infinite": false,
    "lft": 1,
    "rght": 2,
    "tree_id": 80,
    "level": 0
  }
},
{
  "model": "stock.stockitem",
  "pk": 81,
  "fields": {
    "uid": "",
    "parent": null,
    "part": 8,
    "supplier_part": null,
    "location": 2,
    "belongs_to": null,
    "serial": 176,
    "link": "",
    "batch": null,
    "quantity": "1.00000",
    "updated": "2020-05-19",
    "build": null,
    "purchase_order": null,
    "sales_order": null,
    "is_building": false,
    "stocktake_date": null,
    "stocktake_user": null,
    "review_needed": false,
    "delete_on_deplete": false,
    "status": 10,
    "notes": null,
    "infinite": false,
    "lft": 1,
    "rght": 2,
    "tree_id": 81,
    "level": 0
  }
},
{
  "model": "stock.stockitem",
  "pk": 82,
  "fields": {
    "uid": "",
    "parent": null,
    "part": 8,
    "supplier_part": null,
    "location": 2,
    "belongs_to": null,
    "serial": 177,
    "link": "",
    "batch": null,
    "quantity": "1.00000",
    "updated": "2020-05-19",
    "build": null,
    "purchase_order": null,
    "sales_order": null,
    "is_building": false,
    "stocktake_date": null,
    "stocktake_user": null,
    "review_needed": false,
    "delete_on_deplete": false,
    "status": 10,
    "notes": null,
    "infinite": false,
    "lft": 1,
    "rght": 2,
    "tree_id": 82,
    "level": 0
  }
},
{
  "model": "stock.stockitem",
  "pk": 83,
  "fields": {
    "uid": "",
    "parent": null,
    "part": 8,
    "supplier_part": null,
    "location": 2,
    "belongs_to": null,
    "serial": 178,
    "link": "",
    "batch": null,
    "quantity": "1.00000",
    "updated": "2020-05-19",
    "build": null,
    "purchase_order": null,
    "sales_order": null,
    "is_building": false,
    "stocktake_date": null,
    "stocktake_user": null,
    "review_needed": false,
    "delete_on_deplete": false,
    "status": 10,
    "notes": null,
    "infinite": false,
    "lft": 1,
    "rght": 2,
    "tree_id": 83,
    "level": 0
  }
},
{
  "model": "stock.stockitem",
  "pk": 84,
  "fields": {
    "uid": "",
    "parent": null,
    "part": 8,
    "supplier_part": null,
    "location": 2,
    "belongs_to": null,
    "serial": 179,
    "link": "",
    "batch": null,
    "quantity": "1.00000",
    "updated": "2020-05-19",
    "build": null,
    "purchase_order": null,
    "sales_order": null,
    "is_building": false,
    "stocktake_date": null,
    "stocktake_user": null,
    "review_needed": false,
    "delete_on_deplete": false,
    "status": 10,
    "notes": null,
    "infinite": false,
    "lft": 1,
    "rght": 2,
    "tree_id": 84,
    "level": 0
  }
},
{
  "model": "stock.stockitem",
  "pk": 85,
  "fields": {
    "uid": "",
    "parent": null,
    "part": 8,
    "supplier_part": null,
    "location": 2,
    "belongs_to": null,
    "serial": 180,
    "link": "",
    "batch": null,
    "quantity": "1.00000",
    "updated": "2020-05-19",
    "build": null,
    "purchase_order": null,
    "sales_order": null,
    "is_building": false,
    "stocktake_date": null,
    "stocktake_user": null,
    "review_needed": false,
    "delete_on_deplete": false,
    "status": 10,
    "notes": null,
    "infinite": false,
    "lft": 1,
    "rght": 2,
    "tree_id": 85,
    "level": 0
  }
},
{
  "model": "stock.stockitem",
  "pk": 86,
  "fields": {
    "uid": "",
    "parent": null,
    "part": 8,
    "supplier_part": null,
    "location": 2,
    "belongs_to": null,
    "serial": 181,
    "link": "",
    "batch": null,
    "quantity": "1.00000",
    "updated": "2020-05-19",
    "build": null,
    "purchase_order": null,
    "sales_order": null,
    "is_building": false,
    "stocktake_date": null,
    "stocktake_user": null,
    "review_needed": false,
    "delete_on_deplete": false,
    "status": 10,
    "notes": null,
    "infinite": false,
    "lft": 1,
    "rght": 2,
    "tree_id": 86,
    "level": 0
  }
},
{
  "model": "stock.stockitem",
  "pk": 87,
  "fields": {
    "uid": "",
    "parent": null,
    "part": 8,
    "supplier_part": null,
    "location": 2,
    "belongs_to": null,
    "serial": 182,
    "link": "",
    "batch": null,
    "quantity": "1.00000",
    "updated": "2020-05-19",
    "build": null,
    "purchase_order": null,
    "sales_order": null,
    "is_building": false,
    "stocktake_date": null,
    "stocktake_user": null,
    "review_needed": false,
    "delete_on_deplete": false,
    "status": 10,
    "notes": null,
    "infinite": false,
    "lft": 1,
    "rght": 2,
    "tree_id": 87,
    "level": 0
  }
},
{
  "model": "stock.stockitem",
  "pk": 88,
  "fields": {
    "uid": "",
    "parent": null,
    "part": 8,
    "supplier_part": null,
    "location": 2,
    "belongs_to": null,
    "serial": 183,
    "link": "",
    "batch": null,
    "quantity": "1.00000",
    "updated": "2020-05-19",
    "build": null,
    "purchase_order": null,
    "sales_order": null,
    "is_building": false,
    "stocktake_date": null,
    "stocktake_user": null,
    "review_needed": false,
    "delete_on_deplete": false,
    "status": 10,
    "notes": null,
    "infinite": false,
    "lft": 1,
    "rght": 2,
    "tree_id": 88,
    "level": 0
  }
},
{
  "model": "stock.stockitem",
  "pk": 89,
  "fields": {
    "uid": "",
    "parent": null,
    "part": 8,
    "supplier_part": null,
    "location": 2,
    "belongs_to": null,
    "serial": 184,
    "link": "",
    "batch": null,
    "quantity": "1.00000",
    "updated": "2020-05-19",
    "build": null,
    "purchase_order": null,
    "sales_order": null,
    "is_building": false,
    "stocktake_date": null,
    "stocktake_user": null,
    "review_needed": false,
    "delete_on_deplete": false,
    "status": 10,
    "notes": null,
    "infinite": false,
    "lft": 1,
    "rght": 2,
    "tree_id": 89,
    "level": 0
  }
},
{
  "model": "stock.stockitem",
  "pk": 90,
  "fields": {
    "uid": "",
    "parent": null,
    "part": 8,
    "supplier_part": null,
    "location": 2,
    "belongs_to": null,
    "serial": 185,
    "link": "",
    "batch": null,
    "quantity": "1.00000",
    "updated": "2020-05-19",
    "build": null,
    "purchase_order": null,
    "sales_order": null,
    "is_building": false,
    "stocktake_date": null,
    "stocktake_user": null,
    "review_needed": false,
    "delete_on_deplete": false,
    "status": 10,
    "notes": null,
    "infinite": false,
    "lft": 1,
    "rght": 2,
    "tree_id": 90,
    "level": 0
  }
},
{
  "model": "stock.stockitem",
  "pk": 91,
  "fields": {
    "uid": "",
    "parent": null,
    "part": 8,
    "supplier_part": null,
    "location": 2,
    "belongs_to": null,
    "serial": 186,
    "link": "",
    "batch": null,
    "quantity": "1.00000",
    "updated": "2020-05-19",
    "build": null,
    "purchase_order": null,
    "sales_order": null,
    "is_building": false,
    "stocktake_date": null,
    "stocktake_user": null,
    "review_needed": false,
    "delete_on_deplete": false,
    "status": 10,
    "notes": null,
    "infinite": false,
    "lft": 1,
    "rght": 2,
    "tree_id": 91,
    "level": 0
  }
},
{
  "model": "stock.stockitem",
  "pk": 92,
  "fields": {
    "uid": "",
    "parent": null,
    "part": 8,
    "supplier_part": null,
    "location": 2,
    "belongs_to": null,
    "serial": 187,
    "link": "",
    "batch": null,
    "quantity": "1.00000",
    "updated": "2020-05-19",
    "build": null,
    "purchase_order": null,
    "sales_order": null,
    "is_building": false,
    "stocktake_date": null,
    "stocktake_user": null,
    "review_needed": false,
    "delete_on_deplete": false,
    "status": 10,
    "notes": null,
    "infinite": false,
    "lft": 1,
    "rght": 2,
    "tree_id": 92,
    "level": 0
  }
},
{
  "model": "stock.stockitem",
  "pk": 93,
  "fields": {
    "uid": "",
    "parent": null,
    "part": 8,
    "supplier_part": null,
    "location": 2,
    "belongs_to": null,
    "serial": 188,
    "link": "",
    "batch": null,
    "quantity": "1.00000",
    "updated": "2020-05-19",
    "build": null,
    "purchase_order": null,
    "sales_order": null,
    "is_building": false,
    "stocktake_date": null,
    "stocktake_user": null,
    "review_needed": false,
    "delete_on_deplete": false,
    "status": 10,
    "notes": null,
    "infinite": false,
    "lft": 1,
    "rght": 2,
    "tree_id": 93,
    "level": 0
  }
},
{
  "model": "stock.stockitem",
  "pk": 94,
  "fields": {
    "uid": "",
    "parent": null,
    "part": 8,
    "supplier_part": null,
    "location": 2,
    "belongs_to": null,
    "serial": 189,
    "link": "",
    "batch": null,
    "quantity": "1.00000",
    "updated": "2020-05-19",
    "build": null,
    "purchase_order": null,
    "sales_order": null,
    "is_building": false,
    "stocktake_date": null,
    "stocktake_user": null,
    "review_needed": false,
    "delete_on_deplete": false,
    "status": 10,
    "notes": null,
    "infinite": false,
    "lft": 1,
    "rght": 2,
    "tree_id": 94,
    "level": 0
  }
},
{
  "model": "stock.stockitem",
  "pk": 95,
  "fields": {
    "uid": "",
    "parent": null,
    "part": 8,
    "supplier_part": null,
    "location": 2,
    "belongs_to": null,
    "serial": 190,
    "link": "",
    "batch": null,
    "quantity": "1.00000",
    "updated": "2020-05-19",
    "build": null,
    "purchase_order": null,
    "sales_order": null,
    "is_building": false,
    "stocktake_date": null,
    "stocktake_user": null,
    "review_needed": false,
    "delete_on_deplete": false,
    "status": 10,
    "notes": null,
    "infinite": false,
    "lft": 1,
    "rght": 2,
    "tree_id": 95,
    "level": 0
  }
},
{
  "model": "stock.stockitem",
  "pk": 96,
  "fields": {
    "uid": "",
    "parent": null,
    "part": 8,
    "supplier_part": null,
    "location": 2,
    "belongs_to": null,
    "serial": 191,
    "link": "",
    "batch": null,
    "quantity": "1.00000",
    "updated": "2020-05-19",
    "build": null,
    "purchase_order": null,
    "sales_order": null,
    "is_building": false,
    "stocktake_date": null,
    "stocktake_user": null,
    "review_needed": false,
    "delete_on_deplete": false,
    "status": 10,
    "notes": null,
    "infinite": false,
    "lft": 1,
    "rght": 2,
    "tree_id": 96,
    "level": 0
  }
},
{
  "model": "stock.stockitem",
  "pk": 97,
  "fields": {
    "uid": "",
    "parent": null,
    "part": 8,
    "supplier_part": null,
    "location": 2,
    "belongs_to": null,
    "serial": 192,
    "link": "",
    "batch": null,
    "quantity": "1.00000",
    "updated": "2020-05-19",
    "build": null,
    "purchase_order": null,
    "sales_order": null,
    "is_building": false,
    "stocktake_date": null,
    "stocktake_user": null,
    "review_needed": false,
    "delete_on_deplete": false,
    "status": 10,
    "notes": null,
    "infinite": false,
    "lft": 1,
    "rght": 2,
    "tree_id": 97,
    "level": 0
  }
},
{
  "model": "stock.stockitem",
  "pk": 98,
  "fields": {
    "uid": "",
    "parent": null,
    "part": 8,
    "supplier_part": null,
    "location": 2,
    "belongs_to": null,
    "serial": 193,
    "link": "",
    "batch": null,
    "quantity": "1.00000",
    "updated": "2020-05-19",
    "build": null,
    "purchase_order": null,
    "sales_order": null,
    "is_building": false,
    "stocktake_date": null,
    "stocktake_user": null,
    "review_needed": false,
    "delete_on_deplete": false,
    "status": 10,
    "notes": null,
    "infinite": false,
    "lft": 1,
    "rght": 2,
    "tree_id": 98,
    "level": 0
  }
},
{
  "model": "stock.stockitem",
  "pk": 99,
  "fields": {
    "uid": "",
    "parent": null,
    "part": 8,
    "supplier_part": null,
    "location": 2,
    "belongs_to": null,
    "serial": 194,
    "link": "",
    "batch": null,
    "quantity": "1.00000",
    "updated": "2020-05-19",
    "build": null,
    "purchase_order": null,
    "sales_order": null,
    "is_building": false,
    "stocktake_date": null,
    "stocktake_user": null,
    "review_needed": false,
    "delete_on_deplete": false,
    "status": 10,
    "notes": null,
    "infinite": false,
    "lft": 1,
    "rght": 2,
    "tree_id": 99,
    "level": 0
  }
},
{
  "model": "stock.stockitem",
  "pk": 100,
  "fields": {
    "uid": "",
    "parent": null,
    "part": 8,
    "supplier_part": null,
    "location": 2,
    "belongs_to": null,
    "serial": 195,
    "link": "",
    "batch": null,
    "quantity": "1.00000",
    "updated": "2020-05-19",
    "build": null,
    "purchase_order": null,
    "sales_order": null,
    "is_building": false,
    "stocktake_date": null,
    "stocktake_user": null,
    "review_needed": false,
    "delete_on_deplete": false,
    "status": 10,
    "notes": null,
    "infinite": false,
    "lft": 1,
    "rght": 2,
    "tree_id": 100,
    "level": 0
  }
},
{
  "model": "stock.stockitem",
  "pk": 101,
  "fields": {
    "uid": "",
    "parent": null,
    "part": 8,
    "supplier_part": null,
    "location": 2,
    "belongs_to": null,
    "serial": 196,
    "link": "",
    "batch": null,
    "quantity": "1.00000",
    "updated": "2020-05-19",
    "build": null,
    "purchase_order": null,
    "sales_order": null,
    "is_building": false,
    "stocktake_date": null,
    "stocktake_user": null,
    "review_needed": false,
    "delete_on_deplete": false,
    "status": 10,
    "notes": null,
    "infinite": false,
    "lft": 1,
    "rght": 2,
    "tree_id": 101,
    "level": 0
  }
},
{
  "model": "stock.stockitem",
  "pk": 102,
  "fields": {
    "uid": "",
    "parent": null,
    "part": 8,
    "supplier_part": null,
    "location": 2,
    "belongs_to": null,
    "serial": 197,
    "link": "",
    "batch": null,
    "quantity": "1.00000",
    "updated": "2020-05-19",
    "build": null,
    "purchase_order": null,
    "sales_order": null,
    "is_building": false,
    "stocktake_date": null,
    "stocktake_user": null,
    "review_needed": false,
    "delete_on_deplete": false,
    "status": 10,
    "notes": null,
    "infinite": false,
    "lft": 1,
    "rght": 2,
    "tree_id": 102,
    "level": 0
  }
},
{
  "model": "stock.stockitem",
  "pk": 103,
  "fields": {
    "uid": "",
    "parent": null,
    "part": 8,
    "supplier_part": null,
    "location": 2,
    "belongs_to": null,
    "serial": 198,
    "link": "",
    "batch": null,
    "quantity": "1.00000",
    "updated": "2020-05-19",
    "build": null,
    "purchase_order": null,
    "sales_order": null,
    "is_building": false,
    "stocktake_date": null,
    "stocktake_user": null,
    "review_needed": false,
    "delete_on_deplete": false,
    "status": 10,
    "notes": null,
    "infinite": false,
    "lft": 1,
    "rght": 2,
    "tree_id": 103,
    "level": 0
  }
},
{
  "model": "stock.stockitem",
  "pk": 104,
  "fields": {
    "uid": "",
    "parent": null,
    "part": 8,
    "supplier_part": null,
    "location": 2,
    "belongs_to": null,
    "serial": 199,
    "link": "",
    "batch": null,
    "quantity": "1.00000",
    "updated": "2020-05-19",
    "build": null,
    "purchase_order": null,
    "sales_order": null,
    "is_building": false,
    "stocktake_date": null,
    "stocktake_user": null,
    "review_needed": false,
    "delete_on_deplete": false,
    "status": 10,
    "notes": null,
    "infinite": false,
    "lft": 1,
    "rght": 2,
    "tree_id": 104,
    "level": 0
  }
},
{
  "model": "stock.stockitemtracking",
  "pk": 1,
  "fields": {
    "item": 1,
    "date": "2020-05-19T03:48:25.097Z",
    "title": "Created stock item",
    "notes": "Created new stock item for part 'C_10uF_0805 - 10uF microfarad capacitor in 0805 footprint'",
    "link": "",
    "user": 1,
    "system": true,
    "quantity": "15000.00000"
  }
},
{
  "model": "stock.stockitemtracking",
  "pk": 2,
  "fields": {
    "item": 2,
    "date": "2020-05-19T03:48:31.938Z",
    "title": "Created stock item",
    "notes": "Created new stock item for part 'C_10uF_0805 - 10uF microfarad capacitor in 0805 footprint'",
    "link": "",
    "user": 1,
    "system": true,
    "quantity": "1000.00000"
  }
},
{
  "model": "stock.stockitemtracking",
  "pk": 3,
  "fields": {
    "item": 3,
    "date": "2020-05-19T03:48:40.059Z",
    "title": "Created stock item",
    "notes": "Created new stock item for part 'R_1K_0805 - 1k ohm resistor in 0805 package'",
    "link": "",
    "user": 1,
    "system": true,
    "quantity": "15000.00000"
  }
},
{
  "model": "stock.stockitemtracking",
  "pk": 4,
  "fields": {
    "item": 4,
    "date": "2020-05-19T04:26:59.603Z",
    "title": "Created stock item",
    "notes": "Created new stock item for part 'Widget - A widget'",
    "link": "",
    "user": 1,
    "system": true,
    "quantity": "1.00000"
  }
},
{
  "model": "stock.stockitemtracking",
  "pk": 5,
  "fields": {
    "item": 5,
    "date": "2020-05-19T07:04:04.502Z",
    "title": "Created stock item",
    "notes": "Created new stock item for part 'W001 | Widget - A widget'",
    "link": "",
    "user": 1,
    "system": true,
    "quantity": "1.00000"
  }
},
{
  "model": "stock.stockitemtracking",
  "pk": 6,
  "fields": {
    "item": 6,
    "date": "2020-05-19T07:04:04.535Z",
    "title": "Created stock item",
    "notes": "Created new stock item for part 'W001 | Widget - A widget'",
    "link": "",
    "user": 1,
    "system": true,
    "quantity": "1.00000"
  }
},
{
  "model": "stock.stockitemtracking",
  "pk": 7,
  "fields": {
    "item": 7,
    "date": "2020-05-19T07:04:04.568Z",
    "title": "Created stock item",
    "notes": "Created new stock item for part 'W001 | Widget - A widget'",
    "link": "",
    "user": 1,
    "system": true,
    "quantity": "1.00000"
  }
},
{
  "model": "stock.stockitemtracking",
  "pk": 8,
  "fields": {
    "item": 8,
    "date": "2020-05-19T07:04:04.612Z",
    "title": "Created stock item",
    "notes": "Created new stock item for part 'W001 | Widget - A widget'",
    "link": "",
    "user": 1,
    "system": true,
    "quantity": "1.00000"
  }
},
{
  "model": "stock.stockitemtracking",
  "pk": 9,
  "fields": {
    "item": 9,
    "date": "2020-05-19T07:04:04.641Z",
    "title": "Created stock item",
    "notes": "Created new stock item for part 'W001 | Widget - A widget'",
    "link": "",
    "user": 1,
    "system": true,
    "quantity": "1.00000"
  }
},
{
  "model": "stock.stockitemtracking",
  "pk": 10,
  "fields": {
    "item": 10,
    "date": "2020-05-19T07:04:04.675Z",
    "title": "Created stock item",
    "notes": "Created new stock item for part 'W001 | Widget - A widget'",
    "link": "",
    "user": 1,
    "system": true,
    "quantity": "1.00000"
  }
},
{
  "model": "stock.stockitemtracking",
  "pk": 11,
  "fields": {
    "item": 11,
    "date": "2020-05-19T07:04:04.707Z",
    "title": "Created stock item",
    "notes": "Created new stock item for part 'W001 | Widget - A widget'",
    "link": "",
    "user": 1,
    "system": true,
    "quantity": "1.00000"
  }
},
{
  "model": "stock.stockitemtracking",
  "pk": 12,
  "fields": {
    "item": 12,
    "date": "2020-05-19T07:04:04.748Z",
    "title": "Created stock item",
    "notes": "Created new stock item for part 'W001 | Widget - A widget'",
    "link": "",
    "user": 1,
    "system": true,
    "quantity": "1.00000"
  }
},
{
  "model": "stock.stockitemtracking",
  "pk": 13,
  "fields": {
    "item": 13,
    "date": "2020-05-19T07:04:04.781Z",
    "title": "Created stock item",
    "notes": "Created new stock item for part 'W001 | Widget - A widget'",
    "link": "",
    "user": 1,
    "system": true,
    "quantity": "1.00000"
  }
},
{
  "model": "stock.stockitemtracking",
  "pk": 14,
  "fields": {
    "item": 14,
    "date": "2020-05-19T07:04:04.816Z",
    "title": "Created stock item",
    "notes": "Created new stock item for part 'W001 | Widget - A widget'",
    "link": "",
    "user": 1,
    "system": true,
    "quantity": "1.00000"
  }
},
{
  "model": "stock.stockitemtracking",
  "pk": 15,
  "fields": {
    "item": 15,
    "date": "2020-05-19T07:04:04.851Z",
    "title": "Created stock item",
    "notes": "Created new stock item for part 'W001 | Widget - A widget'",
    "link": "",
    "user": 1,
    "system": true,
    "quantity": "1.00000"
  }
},
{
  "model": "stock.stockitemtracking",
  "pk": 16,
  "fields": {
    "item": 16,
    "date": "2020-05-19T07:04:04.889Z",
    "title": "Created stock item",
    "notes": "Created new stock item for part 'W001 | Widget - A widget'",
    "link": "",
    "user": 1,
    "system": true,
    "quantity": "1.00000"
  }
},
{
  "model": "stock.stockitemtracking",
  "pk": 17,
  "fields": {
    "item": 17,
    "date": "2020-05-19T07:04:04.925Z",
    "title": "Created stock item",
    "notes": "Created new stock item for part 'W001 | Widget - A widget'",
    "link": "",
    "user": 1,
    "system": true,
    "quantity": "1.00000"
  }
},
{
  "model": "stock.stockitemtracking",
  "pk": 18,
  "fields": {
    "item": 18,
    "date": "2020-05-19T07:04:04.957Z",
    "title": "Created stock item",
    "notes": "Created new stock item for part 'W001 | Widget - A widget'",
    "link": "",
    "user": 1,
    "system": true,
    "quantity": "1.00000"
  }
},
{
  "model": "stock.stockitemtracking",
  "pk": 19,
  "fields": {
    "item": 19,
    "date": "2020-05-19T07:04:04.992Z",
    "title": "Created stock item",
    "notes": "Created new stock item for part 'W001 | Widget - A widget'",
    "link": "",
    "user": 1,
    "system": true,
    "quantity": "1.00000"
  }
},
{
  "model": "stock.stockitemtracking",
  "pk": 20,
  "fields": {
    "item": 20,
    "date": "2020-05-19T07:04:05.033Z",
    "title": "Created stock item",
    "notes": "Created new stock item for part 'W001 | Widget - A widget'",
    "link": "",
    "user": 1,
    "system": true,
    "quantity": "1.00000"
  }
},
{
  "model": "stock.stockitemtracking",
  "pk": 21,
  "fields": {
    "item": 21,
    "date": "2020-05-19T07:04:05.059Z",
    "title": "Created stock item",
    "notes": "Created new stock item for part 'W001 | Widget - A widget'",
    "link": "",
    "user": 1,
    "system": true,
    "quantity": "1.00000"
  }
},
{
  "model": "stock.stockitemtracking",
  "pk": 22,
  "fields": {
    "item": 22,
    "date": "2020-05-19T07:04:05.091Z",
    "title": "Created stock item",
    "notes": "Created new stock item for part 'W001 | Widget - A widget'",
    "link": "",
    "user": 1,
    "system": true,
    "quantity": "1.00000"
  }
},
{
  "model": "stock.stockitemtracking",
  "pk": 23,
  "fields": {
    "item": 23,
    "date": "2020-05-19T07:04:05.124Z",
    "title": "Created stock item",
    "notes": "Created new stock item for part 'W001 | Widget - A widget'",
    "link": "",
    "user": 1,
    "system": true,
    "quantity": "1.00000"
  }
},
{
  "model": "stock.stockitemtracking",
  "pk": 24,
  "fields": {
    "item": 24,
    "date": "2020-05-19T07:04:05.150Z",
    "title": "Created stock item",
    "notes": "Created new stock item for part 'W001 | Widget - A widget'",
    "link": "",
    "user": 1,
    "system": true,
    "quantity": "1.00000"
  }
},
{
  "model": "stock.stockitemtracking",
  "pk": 25,
  "fields": {
    "item": 25,
    "date": "2020-05-19T07:04:05.187Z",
    "title": "Created stock item",
    "notes": "Created new stock item for part 'W001 | Widget - A widget'",
    "link": "",
    "user": 1,
    "system": true,
    "quantity": "1.00000"
  }
},
{
  "model": "stock.stockitemtracking",
  "pk": 26,
  "fields": {
    "item": 26,
    "date": "2020-05-19T07:04:05.230Z",
    "title": "Created stock item",
    "notes": "Created new stock item for part 'W001 | Widget - A widget'",
    "link": "",
    "user": 1,
    "system": true,
    "quantity": "1.00000"
  }
},
{
  "model": "stock.stockitemtracking",
  "pk": 27,
  "fields": {
    "item": 27,
    "date": "2020-05-19T07:04:05.252Z",
    "title": "Created stock item",
    "notes": "Created new stock item for part 'W001 | Widget - A widget'",
    "link": "",
    "user": 1,
    "system": true,
    "quantity": "1.00000"
  }
},
{
  "model": "stock.stockitemtracking",
  "pk": 28,
  "fields": {
    "item": 28,
    "date": "2020-05-19T07:04:05.284Z",
    "title": "Created stock item",
    "notes": "Created new stock item for part 'W001 | Widget - A widget'",
    "link": "",
    "user": 1,
    "system": true,
    "quantity": "1.00000"
  }
},
{
  "model": "stock.stockitemtracking",
  "pk": 29,
  "fields": {
    "item": 29,
    "date": "2020-05-19T07:04:05.325Z",
    "title": "Created stock item",
    "notes": "Created new stock item for part 'W001 | Widget - A widget'",
    "link": "",
    "user": 1,
    "system": true,
    "quantity": "1.00000"
  }
},
{
  "model": "stock.stockitemtracking",
  "pk": 30,
  "fields": {
    "item": 30,
    "date": "2020-05-19T07:04:05.368Z",
    "title": "Created stock item",
    "notes": "Created new stock item for part 'W001 | Widget - A widget'",
    "link": "",
    "user": 1,
    "system": true,
    "quantity": "1.00000"
  }
},
{
  "model": "stock.stockitemtracking",
  "pk": 31,
  "fields": {
    "item": 31,
    "date": "2020-05-19T07:04:05.400Z",
    "title": "Created stock item",
    "notes": "Created new stock item for part 'W001 | Widget - A widget'",
    "link": "",
    "user": 1,
    "system": true,
    "quantity": "1.00000"
  }
},
{
  "model": "stock.stockitemtracking",
  "pk": 32,
  "fields": {
    "item": 32,
    "date": "2020-05-19T07:04:05.439Z",
    "title": "Created stock item",
    "notes": "Created new stock item for part 'W001 | Widget - A widget'",
    "link": "",
    "user": 1,
    "system": true,
    "quantity": "1.00000"
  }
},
{
  "model": "stock.stockitemtracking",
  "pk": 33,
  "fields": {
    "item": 33,
    "date": "2020-05-19T07:04:05.474Z",
    "title": "Created stock item",
    "notes": "Created new stock item for part 'W001 | Widget - A widget'",
    "link": "",
    "user": 1,
    "system": true,
    "quantity": "1.00000"
  }
},
{
  "model": "stock.stockitemtracking",
  "pk": 34,
  "fields": {
    "item": 34,
    "date": "2020-05-19T07:04:05.506Z",
    "title": "Created stock item",
    "notes": "Created new stock item for part 'W001 | Widget - A widget'",
    "link": "",
    "user": 1,
    "system": true,
    "quantity": "1.00000"
  }
},
{
  "model": "stock.stockitemtracking",
  "pk": 35,
  "fields": {
    "item": 35,
    "date": "2020-05-19T07:04:05.547Z",
    "title": "Created stock item",
    "notes": "Created new stock item for part 'W001 | Widget - A widget'",
    "link": "",
    "user": 1,
    "system": true,
    "quantity": "1.00000"
  }
},
{
  "model": "stock.stockitemtracking",
  "pk": 36,
  "fields": {
    "item": 36,
    "date": "2020-05-19T07:04:05.574Z",
    "title": "Created stock item",
    "notes": "Created new stock item for part 'W001 | Widget - A widget'",
    "link": "",
    "user": 1,
    "system": true,
    "quantity": "1.00000"
  }
},
{
  "model": "stock.stockitemtracking",
  "pk": 37,
  "fields": {
    "item": 37,
    "date": "2020-05-19T07:04:05.608Z",
    "title": "Created stock item",
    "notes": "Created new stock item for part 'W001 | Widget - A widget'",
    "link": "",
    "user": 1,
    "system": true,
    "quantity": "1.00000"
  }
},
{
  "model": "stock.stockitemtracking",
  "pk": 38,
  "fields": {
    "item": 38,
    "date": "2020-05-19T07:04:05.649Z",
    "title": "Created stock item",
    "notes": "Created new stock item for part 'W001 | Widget - A widget'",
    "link": "",
    "user": 1,
    "system": true,
    "quantity": "1.00000"
  }
},
{
  "model": "stock.stockitemtracking",
  "pk": 39,
  "fields": {
    "item": 39,
    "date": "2020-05-19T07:04:05.687Z",
    "title": "Created stock item",
    "notes": "Created new stock item for part 'W001 | Widget - A widget'",
    "link": "",
    "user": 1,
    "system": true,
    "quantity": "1.00000"
  }
},
{
  "model": "stock.stockitemtracking",
  "pk": 40,
  "fields": {
    "item": 40,
    "date": "2020-05-19T07:04:05.720Z",
    "title": "Created stock item",
    "notes": "Created new stock item for part 'W001 | Widget - A widget'",
    "link": "",
    "user": 1,
    "system": true,
    "quantity": "1.00000"
  }
},
{
  "model": "stock.stockitemtracking",
  "pk": 41,
  "fields": {
    "item": 41,
    "date": "2020-05-19T07:04:05.747Z",
    "title": "Created stock item",
    "notes": "Created new stock item for part 'W001 | Widget - A widget'",
    "link": "",
    "user": 1,
    "system": true,
    "quantity": "1.00000"
  }
},
{
  "model": "stock.stockitemtracking",
  "pk": 42,
  "fields": {
    "item": 42,
    "date": "2020-05-19T07:04:05.783Z",
    "title": "Created stock item",
    "notes": "Created new stock item for part 'W001 | Widget - A widget'",
    "link": "",
    "user": 1,
    "system": true,
    "quantity": "1.00000"
  }
},
{
  "model": "stock.stockitemtracking",
  "pk": 43,
  "fields": {
    "item": 43,
    "date": "2020-05-19T07:04:05.816Z",
    "title": "Created stock item",
    "notes": "Created new stock item for part 'W001 | Widget - A widget'",
    "link": "",
    "user": 1,
    "system": true,
    "quantity": "1.00000"
  }
},
{
  "model": "stock.stockitemtracking",
  "pk": 44,
  "fields": {
    "item": 44,
    "date": "2020-05-19T07:04:05.856Z",
    "title": "Created stock item",
    "notes": "Created new stock item for part 'W001 | Widget - A widget'",
    "link": "",
    "user": 1,
    "system": true,
    "quantity": "1.00000"
  }
},
{
  "model": "stock.stockitemtracking",
  "pk": 45,
  "fields": {
    "item": 45,
    "date": "2020-05-19T07:04:05.892Z",
    "title": "Created stock item",
    "notes": "Created new stock item for part 'W001 | Widget - A widget'",
    "link": "",
    "user": 1,
    "system": true,
    "quantity": "1.00000"
  }
},
{
  "model": "stock.stockitemtracking",
  "pk": 46,
  "fields": {
    "item": 46,
    "date": "2020-05-19T07:04:05.936Z",
    "title": "Created stock item",
    "notes": "Created new stock item for part 'W001 | Widget - A widget'",
    "link": "",
    "user": 1,
    "system": true,
    "quantity": "1.00000"
  }
},
{
  "model": "stock.stockitemtracking",
  "pk": 47,
  "fields": {
    "item": 47,
    "date": "2020-05-19T07:04:05.967Z",
    "title": "Created stock item",
    "notes": "Created new stock item for part 'W001 | Widget - A widget'",
    "link": "",
    "user": 1,
    "system": true,
    "quantity": "1.00000"
  }
},
{
  "model": "stock.stockitemtracking",
  "pk": 48,
  "fields": {
    "item": 48,
    "date": "2020-05-19T07:04:06.009Z",
    "title": "Created stock item",
    "notes": "Created new stock item for part 'W001 | Widget - A widget'",
    "link": "",
    "user": 1,
    "system": true,
    "quantity": "1.00000"
  }
},
{
  "model": "stock.stockitemtracking",
  "pk": 49,
  "fields": {
    "item": 49,
    "date": "2020-05-19T07:04:06.047Z",
    "title": "Created stock item",
    "notes": "Created new stock item for part 'W001 | Widget - A widget'",
    "link": "",
    "user": 1,
    "system": true,
    "quantity": "1.00000"
  }
},
{
  "model": "stock.stockitemtracking",
  "pk": 50,
  "fields": {
    "item": 50,
    "date": "2020-05-19T07:04:06.085Z",
    "title": "Created stock item",
    "notes": "Created new stock item for part 'W001 | Widget - A widget'",
    "link": "",
    "user": 1,
    "system": true,
    "quantity": "1.00000"
  }
},
{
  "model": "stock.stockitemtracking",
  "pk": 51,
  "fields": {
    "item": 51,
    "date": "2020-05-19T07:04:06.117Z",
    "title": "Created stock item",
    "notes": "Created new stock item for part 'W001 | Widget - A widget'",
    "link": "",
    "user": 1,
    "system": true,
    "quantity": "1.00000"
  }
},
{
  "model": "stock.stockitemtracking",
  "pk": 52,
  "fields": {
    "item": 52,
    "date": "2020-05-19T07:04:06.146Z",
    "title": "Created stock item",
    "notes": "Created new stock item for part 'W001 | Widget - A widget'",
    "link": "",
    "user": 1,
    "system": true,
    "quantity": "1.00000"
  }
},
{
  "model": "stock.stockitemtracking",
  "pk": 53,
  "fields": {
    "item": 53,
    "date": "2020-05-19T07:04:06.191Z",
    "title": "Created stock item",
    "notes": "Created new stock item for part 'W001 | Widget - A widget'",
    "link": "",
    "user": 1,
    "system": true,
    "quantity": "1.00000"
  }
},
{
  "model": "stock.stockitemtracking",
  "pk": 54,
  "fields": {
    "item": 54,
    "date": "2020-05-19T07:04:06.230Z",
    "title": "Created stock item",
    "notes": "Created new stock item for part 'W001 | Widget - A widget'",
    "link": "",
    "user": 1,
    "system": true,
    "quantity": "1.00000"
  }
},
{
  "model": "stock.stockitemtracking",
  "pk": 55,
  "fields": {
    "item": 55,
    "date": "2020-05-19T07:04:06.267Z",
    "title": "Created stock item",
    "notes": "Created new stock item for part 'W001 | Widget - A widget'",
    "link": "",
    "user": 1,
    "system": true,
    "quantity": "1.00000"
  }
},
{
  "model": "stock.stockitemtracking",
  "pk": 56,
  "fields": {
    "item": 56,
    "date": "2020-05-19T07:04:06.295Z",
    "title": "Created stock item",
    "notes": "Created new stock item for part 'W001 | Widget - A widget'",
    "link": "",
    "user": 1,
    "system": true,
    "quantity": "1.00000"
  }
},
{
  "model": "stock.stockitemtracking",
  "pk": 57,
  "fields": {
    "item": 57,
    "date": "2020-05-19T07:04:06.335Z",
    "title": "Created stock item",
    "notes": "Created new stock item for part 'W001 | Widget - A widget'",
    "link": "",
    "user": 1,
    "system": true,
    "quantity": "1.00000"
  }
},
{
  "model": "stock.stockitemtracking",
  "pk": 58,
  "fields": {
    "item": 58,
    "date": "2020-05-19T07:04:06.374Z",
    "title": "Created stock item",
    "notes": "Created new stock item for part 'W001 | Widget - A widget'",
    "link": "",
    "user": 1,
    "system": true,
    "quantity": "1.00000"
  }
},
{
  "model": "stock.stockitemtracking",
  "pk": 59,
  "fields": {
    "item": 59,
    "date": "2020-05-19T07:04:06.402Z",
    "title": "Created stock item",
    "notes": "Created new stock item for part 'W001 | Widget - A widget'",
    "link": "",
    "user": 1,
    "system": true,
    "quantity": "1.00000"
  }
},
{
  "model": "stock.stockitemtracking",
  "pk": 60,
  "fields": {
    "item": 60,
    "date": "2020-05-19T07:04:06.440Z",
    "title": "Created stock item",
    "notes": "Created new stock item for part 'W001 | Widget - A widget'",
    "link": "",
    "user": 1,
    "system": true,
    "quantity": "1.00000"
  }
},
{
  "model": "stock.stockitemtracking",
  "pk": 61,
  "fields": {
    "item": 61,
    "date": "2020-05-19T07:04:06.486Z",
    "title": "Created stock item",
    "notes": "Created new stock item for part 'W001 | Widget - A widget'",
    "link": "",
    "user": 1,
    "system": true,
    "quantity": "1.00000"
  }
},
{
  "model": "stock.stockitemtracking",
  "pk": 62,
  "fields": {
    "item": 62,
    "date": "2020-05-19T07:04:06.534Z",
    "title": "Created stock item",
    "notes": "Created new stock item for part 'W001 | Widget - A widget'",
    "link": "",
    "user": 1,
    "system": true,
    "quantity": "1.00000"
  }
},
{
  "model": "stock.stockitemtracking",
  "pk": 63,
  "fields": {
    "item": 63,
    "date": "2020-05-19T07:04:06.572Z",
    "title": "Created stock item",
    "notes": "Created new stock item for part 'W001 | Widget - A widget'",
    "link": "",
    "user": 1,
    "system": true,
    "quantity": "1.00000"
  }
},
{
  "model": "stock.stockitemtracking",
  "pk": 64,
  "fields": {
    "item": 64,
    "date": "2020-05-19T07:04:06.699Z",
    "title": "Created stock item",
    "notes": "Created new stock item for part 'W001 | Widget - A widget'",
    "link": "",
    "user": 1,
    "system": true,
    "quantity": "1.00000"
  }
},
{
  "model": "stock.stockitemtracking",
  "pk": 65,
  "fields": {
    "item": 65,
    "date": "2020-05-19T07:04:06.728Z",
    "title": "Created stock item",
    "notes": "Created new stock item for part 'W001 | Widget - A widget'",
    "link": "",
    "user": 1,
    "system": true,
    "quantity": "1.00000"
  }
},
{
  "model": "stock.stockitemtracking",
  "pk": 66,
  "fields": {
    "item": 66,
    "date": "2020-05-19T07:04:06.767Z",
    "title": "Created stock item",
    "notes": "Created new stock item for part 'W001 | Widget - A widget'",
    "link": "",
    "user": 1,
    "system": true,
    "quantity": "1.00000"
  }
},
{
  "model": "stock.stockitemtracking",
  "pk": 67,
  "fields": {
    "item": 67,
    "date": "2020-05-19T07:04:06.804Z",
    "title": "Created stock item",
    "notes": "Created new stock item for part 'W001 | Widget - A widget'",
    "link": "",
    "user": 1,
    "system": true,
    "quantity": "1.00000"
  }
},
{
  "model": "stock.stockitemtracking",
  "pk": 68,
  "fields": {
    "item": 68,
    "date": "2020-05-19T07:04:06.832Z",
    "title": "Created stock item",
    "notes": "Created new stock item for part 'W001 | Widget - A widget'",
    "link": "",
    "user": 1,
    "system": true,
    "quantity": "1.00000"
  }
},
{
  "model": "stock.stockitemtracking",
  "pk": 69,
  "fields": {
    "item": 69,
    "date": "2020-05-19T07:04:06.881Z",
    "title": "Created stock item",
    "notes": "Created new stock item for part 'W001 | Widget - A widget'",
    "link": "",
    "user": 1,
    "system": true,
    "quantity": "1.00000"
  }
},
{
  "model": "stock.stockitemtracking",
  "pk": 70,
  "fields": {
    "item": 70,
    "date": "2020-05-19T07:04:06.916Z",
    "title": "Created stock item",
    "notes": "Created new stock item for part 'W001 | Widget - A widget'",
    "link": "",
    "user": 1,
    "system": true,
    "quantity": "1.00000"
  }
},
{
  "model": "stock.stockitemtracking",
  "pk": 71,
  "fields": {
    "item": 71,
    "date": "2020-05-19T07:04:06.946Z",
    "title": "Created stock item",
    "notes": "Created new stock item for part 'W001 | Widget - A widget'",
    "link": "",
    "user": 1,
    "system": true,
    "quantity": "1.00000"
  }
},
{
  "model": "stock.stockitemtracking",
  "pk": 72,
  "fields": {
    "item": 72,
    "date": "2020-05-19T07:04:06.999Z",
    "title": "Created stock item",
    "notes": "Created new stock item for part 'W001 | Widget - A widget'",
    "link": "",
    "user": 1,
    "system": true,
    "quantity": "1.00000"
  }
},
{
  "model": "stock.stockitemtracking",
  "pk": 73,
  "fields": {
    "item": 73,
    "date": "2020-05-19T07:04:07.035Z",
    "title": "Created stock item",
    "notes": "Created new stock item for part 'W001 | Widget - A widget'",
    "link": "",
    "user": 1,
    "system": true,
    "quantity": "1.00000"
  }
},
{
  "model": "stock.stockitemtracking",
  "pk": 74,
  "fields": {
    "item": 74,
    "date": "2020-05-19T07:04:07.074Z",
    "title": "Created stock item",
    "notes": "Created new stock item for part 'W001 | Widget - A widget'",
    "link": "",
    "user": 1,
    "system": true,
    "quantity": "1.00000"
  }
},
{
  "model": "stock.stockitemtracking",
  "pk": 75,
  "fields": {
    "item": 75,
    "date": "2020-05-19T07:04:07.109Z",
    "title": "Created stock item",
    "notes": "Created new stock item for part 'W001 | Widget - A widget'",
    "link": "",
    "user": 1,
    "system": true,
    "quantity": "1.00000"
  }
},
{
  "model": "stock.stockitemtracking",
  "pk": 76,
  "fields": {
    "item": 76,
    "date": "2020-05-19T07:04:07.137Z",
    "title": "Created stock item",
    "notes": "Created new stock item for part 'W001 | Widget - A widget'",
    "link": "",
    "user": 1,
    "system": true,
    "quantity": "1.00000"
  }
},
{
  "model": "stock.stockitemtracking",
  "pk": 77,
  "fields": {
    "item": 77,
    "date": "2020-05-19T07:04:07.180Z",
    "title": "Created stock item",
    "notes": "Created new stock item for part 'W001 | Widget - A widget'",
    "link": "",
    "user": 1,
    "system": true,
    "quantity": "1.00000"
  }
},
{
  "model": "stock.stockitemtracking",
  "pk": 78,
  "fields": {
    "item": 78,
    "date": "2020-05-19T07:04:07.215Z",
    "title": "Created stock item",
    "notes": "Created new stock item for part 'W001 | Widget - A widget'",
    "link": "",
    "user": 1,
    "system": true,
    "quantity": "1.00000"
  }
},
{
  "model": "stock.stockitemtracking",
  "pk": 79,
  "fields": {
    "item": 79,
    "date": "2020-05-19T07:04:07.247Z",
    "title": "Created stock item",
    "notes": "Created new stock item for part 'W001 | Widget - A widget'",
    "link": "",
    "user": 1,
    "system": true,
    "quantity": "1.00000"
  }
},
{
  "model": "stock.stockitemtracking",
  "pk": 80,
  "fields": {
    "item": 80,
    "date": "2020-05-19T07:04:07.279Z",
    "title": "Created stock item",
    "notes": "Created new stock item for part 'W001 | Widget - A widget'",
    "link": "",
    "user": 1,
    "system": true,
    "quantity": "1.00000"
  }
},
{
  "model": "stock.stockitemtracking",
  "pk": 81,
  "fields": {
    "item": 81,
    "date": "2020-05-19T07:04:07.323Z",
    "title": "Created stock item",
    "notes": "Created new stock item for part 'W001 | Widget - A widget'",
    "link": "",
    "user": 1,
    "system": true,
    "quantity": "1.00000"
  }
},
{
  "model": "stock.stockitemtracking",
  "pk": 82,
  "fields": {
    "item": 82,
    "date": "2020-05-19T07:04:07.347Z",
    "title": "Created stock item",
    "notes": "Created new stock item for part 'W001 | Widget - A widget'",
    "link": "",
    "user": 1,
    "system": true,
    "quantity": "1.00000"
  }
},
{
  "model": "stock.stockitemtracking",
  "pk": 83,
  "fields": {
    "item": 83,
    "date": "2020-05-19T07:04:07.393Z",
    "title": "Created stock item",
    "notes": "Created new stock item for part 'W001 | Widget - A widget'",
    "link": "",
    "user": 1,
    "system": true,
    "quantity": "1.00000"
  }
},
{
  "model": "stock.stockitemtracking",
  "pk": 84,
  "fields": {
    "item": 84,
    "date": "2020-05-19T07:04:07.429Z",
    "title": "Created stock item",
    "notes": "Created new stock item for part 'W001 | Widget - A widget'",
    "link": "",
    "user": 1,
    "system": true,
    "quantity": "1.00000"
  }
},
{
  "model": "stock.stockitemtracking",
  "pk": 85,
  "fields": {
    "item": 85,
    "date": "2020-05-19T07:04:07.458Z",
    "title": "Created stock item",
    "notes": "Created new stock item for part 'W001 | Widget - A widget'",
    "link": "",
    "user": 1,
    "system": true,
    "quantity": "1.00000"
  }
},
{
  "model": "stock.stockitemtracking",
  "pk": 86,
  "fields": {
    "item": 86,
    "date": "2020-05-19T07:04:07.498Z",
    "title": "Created stock item",
    "notes": "Created new stock item for part 'W001 | Widget - A widget'",
    "link": "",
    "user": 1,
    "system": true,
    "quantity": "1.00000"
  }
},
{
  "model": "stock.stockitemtracking",
  "pk": 87,
  "fields": {
    "item": 87,
    "date": "2020-05-19T07:04:07.538Z",
    "title": "Created stock item",
    "notes": "Created new stock item for part 'W001 | Widget - A widget'",
    "link": "",
    "user": 1,
    "system": true,
    "quantity": "1.00000"
  }
},
{
  "model": "stock.stockitemtracking",
  "pk": 88,
  "fields": {
    "item": 88,
    "date": "2020-05-19T07:04:07.572Z",
    "title": "Created stock item",
    "notes": "Created new stock item for part 'W001 | Widget - A widget'",
    "link": "",
    "user": 1,
    "system": true,
    "quantity": "1.00000"
  }
},
{
  "model": "stock.stockitemtracking",
  "pk": 89,
  "fields": {
    "item": 89,
    "date": "2020-05-19T07:04:07.617Z",
    "title": "Created stock item",
    "notes": "Created new stock item for part 'W001 | Widget - A widget'",
    "link": "",
    "user": 1,
    "system": true,
    "quantity": "1.00000"
  }
},
{
  "model": "stock.stockitemtracking",
  "pk": 90,
  "fields": {
    "item": 90,
    "date": "2020-05-19T07:04:07.661Z",
    "title": "Created stock item",
    "notes": "Created new stock item for part 'W001 | Widget - A widget'",
    "link": "",
    "user": 1,
    "system": true,
    "quantity": "1.00000"
  }
},
{
  "model": "stock.stockitemtracking",
  "pk": 91,
  "fields": {
    "item": 91,
    "date": "2020-05-19T07:04:07.695Z",
    "title": "Created stock item",
    "notes": "Created new stock item for part 'W001 | Widget - A widget'",
    "link": "",
    "user": 1,
    "system": true,
    "quantity": "1.00000"
  }
},
{
  "model": "stock.stockitemtracking",
  "pk": 92,
  "fields": {
    "item": 92,
    "date": "2020-05-19T07:04:07.731Z",
    "title": "Created stock item",
    "notes": "Created new stock item for part 'W001 | Widget - A widget'",
    "link": "",
    "user": 1,
    "system": true,
    "quantity": "1.00000"
  }
},
{
  "model": "stock.stockitemtracking",
  "pk": 93,
  "fields": {
    "item": 93,
    "date": "2020-05-19T07:04:07.765Z",
    "title": "Created stock item",
    "notes": "Created new stock item for part 'W001 | Widget - A widget'",
    "link": "",
    "user": 1,
    "system": true,
    "quantity": "1.00000"
  }
},
{
  "model": "stock.stockitemtracking",
  "pk": 94,
  "fields": {
    "item": 94,
    "date": "2020-05-19T07:04:07.802Z",
    "title": "Created stock item",
    "notes": "Created new stock item for part 'W001 | Widget - A widget'",
    "link": "",
    "user": 1,
    "system": true,
    "quantity": "1.00000"
  }
},
{
  "model": "stock.stockitemtracking",
  "pk": 95,
  "fields": {
    "item": 95,
    "date": "2020-05-19T07:04:07.835Z",
    "title": "Created stock item",
    "notes": "Created new stock item for part 'W001 | Widget - A widget'",
    "link": "",
    "user": 1,
    "system": true,
    "quantity": "1.00000"
  }
},
{
  "model": "stock.stockitemtracking",
  "pk": 96,
  "fields": {
    "item": 96,
    "date": "2020-05-19T07:04:07.885Z",
    "title": "Created stock item",
    "notes": "Created new stock item for part 'W001 | Widget - A widget'",
    "link": "",
    "user": 1,
    "system": true,
    "quantity": "1.00000"
  }
},
{
  "model": "stock.stockitemtracking",
  "pk": 97,
  "fields": {
    "item": 97,
    "date": "2020-05-19T07:04:07.921Z",
    "title": "Created stock item",
    "notes": "Created new stock item for part 'W001 | Widget - A widget'",
    "link": "",
    "user": 1,
    "system": true,
    "quantity": "1.00000"
  }
},
{
  "model": "stock.stockitemtracking",
  "pk": 98,
  "fields": {
    "item": 98,
    "date": "2020-05-19T07:04:07.961Z",
    "title": "Created stock item",
    "notes": "Created new stock item for part 'W001 | Widget - A widget'",
    "link": "",
    "user": 1,
    "system": true,
    "quantity": "1.00000"
  }
},
{
  "model": "stock.stockitemtracking",
  "pk": 99,
  "fields": {
    "item": 99,
    "date": "2020-05-19T07:04:08.004Z",
    "title": "Created stock item",
    "notes": "Created new stock item for part 'W001 | Widget - A widget'",
    "link": "",
    "user": 1,
    "system": true,
    "quantity": "1.00000"
  }
},
{
  "model": "stock.stockitemtracking",
  "pk": 100,
  "fields": {
    "item": 100,
    "date": "2020-05-19T07:04:08.038Z",
    "title": "Created stock item",
    "notes": "Created new stock item for part 'W001 | Widget - A widget'",
    "link": "",
    "user": 1,
    "system": true,
    "quantity": "1.00000"
  }
},
{
  "model": "stock.stockitemtracking",
  "pk": 101,
  "fields": {
    "item": 101,
    "date": "2020-05-19T07:04:08.069Z",
    "title": "Created stock item",
    "notes": "Created new stock item for part 'W001 | Widget - A widget'",
    "link": "",
    "user": 1,
    "system": true,
    "quantity": "1.00000"
  }
},
{
  "model": "stock.stockitemtracking",
  "pk": 102,
  "fields": {
    "item": 102,
    "date": "2020-05-19T07:04:08.103Z",
    "title": "Created stock item",
    "notes": "Created new stock item for part 'W001 | Widget - A widget'",
    "link": "",
    "user": 1,
    "system": true,
    "quantity": "1.00000"
  }
},
{
  "model": "stock.stockitemtracking",
  "pk": 103,
  "fields": {
    "item": 103,
    "date": "2020-05-19T07:04:08.143Z",
    "title": "Created stock item",
    "notes": "Created new stock item for part 'W001 | Widget - A widget'",
    "link": "",
    "user": 1,
    "system": true,
    "quantity": "1.00000"
  }
},
{
  "model": "stock.stockitemtracking",
  "pk": 104,
  "fields": {
    "item": 104,
    "date": "2020-05-19T07:04:08.171Z",
    "title": "Created stock item",
    "notes": "Created new stock item for part 'W001 | Widget - A widget'",
    "link": "",
    "user": 1,
    "system": true,
    "quantity": "1.00000"
  }
},
{
  "model": "stock.stockitemtestresult",
  "pk": 15,
  "fields": {
    "stock_item": 4,
    "test": "Firmware",
    "result": false,
    "value": "0x1234",
    "attachment": null,
    "notes": "Hello",
    "user": 1,
    "date": "2020-05-19T08:01:13.194Z"
  }
},
{
  "model": "company.company",
  "pk": 1,
  "fields": {
    "name": "ACME",
    "description": "Makers of anvils, fake bombs, etc",
    "website": "",
    "address": "",
    "phone": "",
    "email": "",
    "contact": "",
    "link": "",
    "image": "",
    "notes": "",
    "is_customer": false,
    "is_supplier": true,
    "is_manufacturer": true
  }
},
{
  "model": "company.company",
  "pk": 2,
  "fields": {
    "name": "DigiKey",
    "description": "Distributor of electronic components",
    "website": "http://www.digikey.com",
    "address": "",
    "phone": "",
    "email": "",
    "contact": "",
    "link": "",
    "image": "",
    "notes": "",
    "is_customer": false,
    "is_supplier": true,
    "is_manufacturer": false
  }
},
{
  "model": "company.company",
  "pk": 3,
  "fields": {
    "name": "Customer 1",
    "description": "My very own first customer",
    "website": "",
    "address": "",
    "phone": "",
    "email": "",
    "contact": "",
    "link": "",
    "image": "",
    "notes": "",
    "is_customer": true,
    "is_supplier": false,
    "is_manufacturer": false
  }
},
{
  "model": "company.company",
  "pk": 4,
  "fields": {
    "name": "Customer 2",
    "description": "My very own second customer",
    "website": "",
    "address": "",
    "phone": "",
    "email": "",
    "contact": "",
    "link": "",
    "image": "",
    "notes": "",
    "is_customer": true,
    "is_supplier": false,
    "is_manufacturer": false
  }
},
{
  "model": "company.company",
  "pk": 5,
  "fields": {
    "name": "Customer 3",
    "description": "My very own third customer",
    "website": "",
    "address": "",
    "phone": "",
    "email": "",
    "contact": "",
    "link": "",
    "image": "",
    "notes": "",
    "is_customer": true,
    "is_supplier": false,
    "is_manufacturer": false
  }
},
{
  "model": "authtoken.token",
  "pk": "c6d36fd8afe6aa3ec6b5e3334cdc736e3653b406",
  "fields": {
    "user": 1,
    "created": "2020-05-19T03:56:15.218Z"
  }
},
{
  "model": "admin.logentry",
  "pk": 1,
  "fields": {
    "action_time": "2020-05-19T08:01:40.067Z",
    "user": 1,
    "content_type": 20,
    "object_id": "11",
    "object_repr": "attachment_b2uU6X4.txt",
    "action_flag": 3,
    "change_message": ""
  }
},
{
  "model": "admin.logentry",
  "pk": 2,
  "fields": {
    "action_time": "2020-05-19T08:01:40.075Z",
    "user": 1,
    "content_type": 20,
    "object_id": "10",
    "object_repr": "attachment_GSR6GoJ.txt",
    "action_flag": 3,
    "change_message": ""
  }
},
{
  "model": "admin.logentry",
  "pk": 3,
  "fields": {
    "action_time": "2020-05-19T08:01:40.081Z",
    "user": 1,
    "content_type": 20,
    "object_id": "9",
    "object_repr": "attachment_oNGpTh0.txt",
    "action_flag": 3,
    "change_message": ""
  }
},
{
  "model": "admin.logentry",
  "pk": 4,
  "fields": {
    "action_time": "2020-05-19T08:01:40.097Z",
    "user": 1,
    "content_type": 20,
    "object_id": "8",
    "object_repr": "attachment_of9JSXw.txt",
    "action_flag": 3,
    "change_message": ""
  }
},
{
  "model": "admin.logentry",
  "pk": 5,
  "fields": {
    "action_time": "2020-05-19T08:01:40.116Z",
    "user": 1,
    "content_type": 20,
    "object_id": "7",
    "object_repr": "attachment_3ZiezCX.txt",
    "action_flag": 3,
    "change_message": ""
  }
},
{
  "model": "admin.logentry",
  "pk": 6,
  "fields": {
    "action_time": "2020-05-19T08:01:40.123Z",
    "user": 1,
    "content_type": 20,
    "object_id": "6",
    "object_repr": "attachment_vPEZd9U.txt",
    "action_flag": 3,
    "change_message": ""
  }
},
{
  "model": "admin.logentry",
  "pk": 7,
  "fields": {
    "action_time": "2020-05-19T08:01:40.142Z",
    "user": 1,
    "content_type": 20,
    "object_id": "5",
    "object_repr": "attachment_LbOsSWx.txt",
    "action_flag": 3,
    "change_message": ""
  }
},
{
  "model": "admin.logentry",
  "pk": 8,
  "fields": {
    "action_time": "2020-05-19T08:01:40.148Z",
    "user": 1,
    "content_type": 20,
    "object_id": "4",
    "object_repr": "attachment_X4UunyT.txt",
    "action_flag": 3,
    "change_message": ""
  }
},
{
  "model": "admin.logentry",
  "pk": 9,
  "fields": {
    "action_time": "2020-05-19T08:01:40.153Z",
    "user": 1,
    "content_type": 20,
    "object_id": "3",
    "object_repr": "attachment_vOVQwKo.txt",
    "action_flag": 3,
    "change_message": ""
  }
},
{
  "model": "admin.logentry",
  "pk": 10,
  "fields": {
    "action_time": "2020-05-19T08:01:40.207Z",
    "user": 1,
    "content_type": 20,
    "object_id": "2",
    "object_repr": "attachment_dutzTag.txt",
    "action_flag": 3,
    "change_message": ""
  }
}
]
